total_articles,fiscal_articles,tariff_fiscal_articles,non_tariff_fiscal_articles,rate,tariff_rate,non_tariff_rate,fiscal_policy_index,tariff_fiscal_index,non_tariff_fiscal_index
22,7,3,4,0.3181818181818182,0.13636363636363635,0.18181818181818182,97.38121204899107,65.45817885826787,153.54108153533377
24,8,4,4,0.3333333333333333,0.16666666666666666,0.16666666666666666,102.01841262275255,80.00444082677184,140.74599140738928
27,7,4,3,0.25925925925925924,0.14814814814814814,0.1111111111111111,79.34765426214088,71.11505851268608,93.83066093825951
16,3,2,1,0.1875,0.125,0.0625,57.385357100298314,60.003330620078884,52.779746777770974
17,4,3,1,0.23529411764705882,0.17647058823529413,0.058823529411764705,72.0129971454724,84.71058440481725,49.675055790843274
22,6,5,1,0.2727272727272727,0.22727272727272727,0.045454545454545456,83.46961032770663,109.0969647637798,38.38527038383344
25,5,2,3,0.2,0.08,0.12,61.211047573651534,38.40213159685049,101.33711381332027
25,9,4,5,0.36,0.16,0.2,110.17988563257275,76.80426319370098,168.89518968886713
18,4,1,3,0.2222222222222222,0.05555555555555555,0.16666666666666666,68.01227508183504,26.66814694225728,140.74599140738928
29,10,3,7,0.3448275862068966,0.10344827586206896,0.2413793103448276,105.53628892008886,49.6579287890308,203.8390220382879
26,9,6,3,0.34615384615384615,0.23076923076923078,0.11538461538461539,105.94219772362766,110.77537960629948,97.43953251280797
24,6,5,1,0.25,0.20833333333333334,0.041666666666666664,76.51380946706442,100.0055510334648,35.18649785184732
20,4,3,1,0.2,0.15,0.05,61.211047573651534,72.00399674409465,42.223797422216784
24,3,2,1,0.125,0.08333333333333333,0.041666666666666664,38.25690473353221,40.00222041338592,35.18649785184732
23,6,3,3,0.2608695652173913,0.13043478260869565,0.13043478260869565,79.84049683519765,62.612171081821444,110.14903675360901
20,3,2,1,0.15,0.1,0.05,45.90828568023865,48.002664496063105,42.223797422216784
27,6,3,3,0.2222222222222222,0.1111111111111111,0.1111111111111111,68.01227508183504,53.33629388451456,93.83066093825951
20,9,4,5,0.45,0.2,0.25,137.72485704071596,96.00532899212621,211.1189871110839
18,3,2,1,0.16666666666666666,0.1111111111111111,0.05555555555555555,51.009206311376275,53.33629388451456,46.915330469129756
23,8,5,3,0.34782608695652173,0.21739130434782608,0.13043478260869565,106.45399578026354,104.35361846970241,110.14903675360901
18,7,3,4,0.3888888888888889,0.16666666666666666,0.2222222222222222,119.02148139321132,80.00444082677184,187.66132187651903
17,6,2,4,0.35294117647058826,0.11764705882352941,0.23529411764705882,108.01949571820859,56.47372293654483,198.7002231633731
20,5,3,2,0.25,0.15,0.1,76.51380946706442,72.00399674409465,84.44759484443357
19,3,1,2,0.15789473684210525,0.05263157894736842,0.10526315789473684,48.32451124235647,25.264560261085844,88.89220509940375
20,3,3,0,0.15,0.15,0.0,45.90828568023865,72.00399674409465,0.0
27,6,1,5,0.2222222222222222,0.037037037037037035,0.18518518518518517,68.01227508183504,17.77876462817152,156.3844348970992
23,8,6,2,0.34782608695652173,0.2608695652173913,0.08695652173913043,106.45399578026354,125.22434216364289,73.43269116907265
18,6,4,2,0.3333333333333333,0.2222222222222222,0.1111111111111111,102.01841262275255,106.67258776902912,93.83066093825951
16,6,5,1,0.375,0.3125,0.0625,114.77071420059663,150.0083265501972,52.779746777770974
23,7,4,3,0.30434782608695654,0.17391304347826086,0.13043478260869565,93.1472463077306,83.48289477576192,110.14903675360901
24,4,3,1,0.16666666666666666,0.125,0.041666666666666664,51.009206311376275,60.003330620078884,35.18649785184732
21,7,3,4,0.3333333333333333,0.14285714285714285,0.19047619047619047,102.01841262275255,68.57523499437586,160.8525616084449
20,4,1,3,0.2,0.05,0.15,61.211047573651534,24.001332248031552,126.67139226665034
18,7,5,2,0.3888888888888889,0.2777777777777778,0.1111111111111111,119.02148139321132,133.34073471128642,93.83066093825951
15,6,2,4,0.4,0.13333333333333333,0.26666666666666666,122.42209514730307,64.00355266141747,225.19358625182284
18,4,0,4,0.2222222222222222,0.0,0.2222222222222222,68.01227508183504,0.0,187.66132187651903
24,9,1,8,0.375,0.041666666666666664,0.3333333333333333,114.77071420059663,20.00111020669296,281.49198281477857
17,3,1,2,0.17647058823529413,0.058823529411764705,0.11764705882352941,54.009747859104294,28.236861468272416,99.35011158168655
22,5,3,2,0.22727272727272727,0.13636363636363635,0.09090909090909091,69.55800860642219,65.45817885826787,76.77054076766689
20,7,3,4,0.35,0.15,0.2,107.11933325389018,72.00399674409465,168.89518968886713
16,5,4,1,0.3125,0.25,0.0625,95.64226183383052,120.00666124015777,52.779746777770974
20,6,4,2,0.3,0.2,0.1,91.8165713604773,96.00532899212621,84.44759484443357
21,7,2,5,0.3333333333333333,0.09523809523809523,0.23809523809523808,102.01841262275255,45.71682332958391,201.0657020105561
24,6,6,0,0.25,0.25,0.0,76.51380946706442,120.00666124015777,0.0
23,7,4,3,0.30434782608695654,0.17391304347826086,0.13043478260869565,93.1472463077306,83.48289477576192,110.14903675360901
15,6,5,1,0.4,0.3333333333333333,0.06666666666666667,122.42209514730307,160.00888165354368,56.29839656295571
16,7,5,2,0.4375,0.3125,0.125,133.89916656736273,150.0083265501972,105.55949355554195
15,9,3,6,0.6,0.2,0.4,183.6331427209546,96.00532899212621,337.79037937773427
17,6,3,3,0.35294117647058826,0.17647058823529413,0.17647058823529413,108.01949571820859,84.71058440481725,149.02516737252984
27,10,8,2,0.37037037037037035,0.2962962962962963,0.07407407407407407,113.3537918030584,142.23011702537215,62.55377395883968
22,7,3,4,0.3181818181818182,0.13636363636363635,0.18181818181818182,97.38121204899107,65.45817885826787,153.54108153533377
21,9,5,4,0.42857142857142855,0.23809523809523808,0.19047619047619047,131.16653051496755,114.29205832395976,160.8525616084449
18,6,4,2,0.3333333333333333,0.2222222222222222,0.1111111111111111,102.01841262275255,106.67258776902912,93.83066093825951
18,5,1,4,0.2777777777777778,0.05555555555555555,0.2222222222222222,85.0153438522938,26.66814694225728,187.66132187651903
17,6,3,3,0.35294117647058826,0.17647058823529413,0.17647058823529413,108.01949571820859,84.71058440481725,149.02516737252984
17,4,1,3,0.23529411764705882,0.058823529411764705,0.17647058823529413,72.0129971454724,28.236861468272416,149.02516737252984
24,8,2,6,0.3333333333333333,0.08333333333333333,0.25,102.01841262275255,40.00222041338592,211.1189871110839
18,7,3,4,0.3888888888888889,0.16666666666666666,0.2222222222222222,119.02148139321132,80.00444082677184,187.66132187651903
18,7,3,4,0.3888888888888889,0.16666666666666666,0.2222222222222222,119.02148139321132,80.00444082677184,187.66132187651903
22,6,6,0,0.2727272727272727,0.2727272727272727,0.0,83.46961032770663,130.91635771653574,0.0
22,7,5,2,0.3181818181818182,0.22727272727272727,0.09090909090909091,97.38121204899107,109.0969647637798,76.77054076766689
24,6,4,2,0.25,0.16666666666666666,0.08333333333333333,76.51380946706442,80.00444082677184,70.37299570369464
22,4,2,2,0.18181818181818182,0.09090909090909091,0.09090909090909091,55.64640688513776,43.63878590551192,76.77054076766689
25,9,4,5,0.36,0.16,0.2,110.17988563257275,76.80426319370098,168.89518968886713
17,6,4,2,0.35294117647058826,0.23529411764705882,0.11764705882352941,108.01949571820859,112.94744587308966,99.35011158168655
16,5,1,4,0.3125,0.0625,0.25,95.64226183383052,30.001665310039442,211.1189871110839
22,8,2,6,0.36363636363636365,0.09090909090909091,0.2727272727272727,111.29281377027552,43.63878590551192,230.3116223030006
20,2,1,1,0.1,0.05,0.05,30.605523786825767,24.001332248031552,42.223797422216784
24,5,3,2,0.20833333333333334,0.125,0.08333333333333333,63.76150788922035,60.003330620078884,70.37299570369464
31,4,1,3,0.12903225806451613,0.03225806451612903,0.0967741935483871,39.49099843461389,15.484730482601003,81.7234788817099
18,6,2,4,0.3333333333333333,0.1111111111111111,0.2222222222222222,102.01841262275255,53.33629388451456,187.66132187651903
21,4,2,2,0.19047619047619047,0.09523809523809523,0.09523809523809523,58.29623578443003,45.71682332958391,80.42628080422244
24,4,4,0,0.16666666666666666,0.16666666666666666,0.0,51.009206311376275,80.00444082677184,0.0
19,6,5,1,0.3157894736842105,0.2631578947368421,0.05263157894736842,96.64902248471294,126.32280130542921,44.44610254970188
30,6,4,2,0.2,0.13333333333333333,0.06666666666666667,61.211047573651534,64.00355266141747,56.29839656295571
15,3,2,1,0.2,0.13333333333333333,0.06666666666666667,61.211047573651534,64.00355266141747,56.29839656295571
22,8,7,1,0.36363636363636365,0.3181818181818182,0.045454545454545456,111.29281377027552,152.7357506692917,38.38527038383344
28,4,3,1,0.14285714285714285,0.10714285714285714,0.03571428571428571,43.722176838322525,51.4314262457819,30.159855301583416
20,11,8,3,0.55,0.4,0.15,168.33038082754172,192.01065798425242,126.67139226665034
24,9,6,3,0.375,0.25,0.125,114.77071420059663,120.00666124015777,105.55949355554195
25,5,4,1,0.2,0.16,0.04,61.211047573651534,76.80426319370098,33.779037937773424
26,5,5,0,0.19230769230769232,0.19230769230769232,0.0,58.856776513126476,92.3128163385829,0.0
22,4,4,0,0.18181818181818182,0.18181818181818182,0.0,55.64640688513776,87.27757181102383,0.0
17,8,6,2,0.47058823529411764,0.35294117647058826,0.11764705882352941,144.0259942909448,169.4211688096345,99.35011158168655
17,5,3,2,0.29411764705882354,0.17647058823529413,0.11764705882352941,90.0162464318405,84.71058440481725,99.35011158168655
17,2,1,1,0.11764705882352941,0.058823529411764705,0.058823529411764705,36.0064985727362,28.236861468272416,49.675055790843274
12,5,3,2,0.4166666666666667,0.25,0.16666666666666666,127.5230157784407,120.00666124015777,140.74599140738928
21,6,2,4,0.2857142857142857,0.09523809523809523,0.19047619047619047,87.44435367664505,45.71682332958391,160.8525616084449
22,4,3,1,0.18181818181818182,0.13636363636363635,0.045454545454545456,55.64640688513776,65.45817885826787,38.38527038383344
25,10,5,5,0.4,0.2,0.2,122.42209514730307,96.00532899212621,168.89518968886713
19,7,6,1,0.3684210526315789,0.3157894736842105,0.05263157894736842,112.75719289883178,151.58736156651506,44.44610254970188
24,6,5,1,0.25,0.20833333333333334,0.041666666666666664,76.51380946706442,100.0055510334648,35.18649785184732
24,7,5,2,0.2916666666666667,0.20833333333333334,0.08333333333333333,89.26611104490848,100.0055510334648,70.37299570369464
18,5,4,1,0.2777777777777778,0.2222222222222222,0.05555555555555555,85.0153438522938,106.67258776902912,46.915330469129756
30,10,7,3,0.3333333333333333,0.23333333333333334,0.1,102.01841262275255,112.00621715748058,84.44759484443357
25,7,5,2,0.28,0.2,0.08,85.69546660311215,96.00532899212621,67.55807587554685
18,4,2,2,0.2222222222222222,0.1111111111111111,0.1111111111111111,68.01227508183504,53.33629388451456,93.83066093825951
25,6,2,4,0.24,0.08,0.16,73.45325708838185,38.40213159685049,135.1161517510937
18,3,2,1,0.16666666666666666,0.1111111111111111,0.05555555555555555,51.009206311376275,53.33629388451456,46.915330469129756
17,3,2,1,0.17647058823529413,0.11764705882352941,0.058823529411764705,54.009747859104294,56.47372293654483,49.675055790843274
21,8,4,4,0.38095238095238093,0.19047619047619047,0.19047619047619047,116.59247156886006,91.43364665916782,160.8525616084449
22,6,2,4,0.2727272727272727,0.09090909090909091,0.18181818181818182,83.46961032770663,43.63878590551192,153.54108153533377
26,7,4,3,0.2692307692307692,0.15384615384615385,0.11538461538461539,82.39948711837705,73.85025307086633,97.43953251280797
21,6,4,2,0.2857142857142857,0.19047619047619047,0.09523809523809523,87.44435367664505,91.43364665916782,80.42628080422244
22,5,2,3,0.22727272727272727,0.09090909090909091,0.13636363636363635,69.55800860642219,43.63878590551192,115.1558111515003
16,6,2,4,0.375,0.125,0.25,114.77071420059663,60.003330620078884,211.1189871110839
19,6,3,3,0.3157894736842105,0.15789473684210525,0.15789473684210525,96.64902248471294,75.79368078325753,133.33830764910564
17,6,1,5,0.35294117647058826,0.058823529411764705,0.29411764705882354,108.01949571820859,28.236861468272416,248.3752789542164
23,4,1,3,0.17391304347826086,0.043478260869565216,0.13043478260869565,53.22699789013177,20.87072369394048,110.14903675360901
22,9,8,1,0.4090909090909091,0.36363636363636365,0.045454545454545456,125.20441549155996,174.55514362204767,38.38527038383344
19,5,2,3,0.2631578947368421,0.10526315789473684,0.15789473684210525,80.54085207059411,50.52912052217169,133.33830764910564
19,5,1,4,0.2631578947368421,0.05263157894736842,0.21052631578947367,80.54085207059411,25.264560261085844,177.7844101988075
21,7,5,2,0.3333333333333333,0.23809523809523808,0.09523809523809523,102.01841262275255,114.29205832395976,80.42628080422244
22,5,2,3,0.22727272727272727,0.09090909090909091,0.13636363636363635,69.55800860642219,43.63878590551192,115.1558111515003
21,5,3,2,0.23809523809523808,0.14285714285714285,0.09523809523809523,72.87029473053754,68.57523499437586,80.42628080422244
22,8,4,4,0.36363636363636365,0.18181818181818182,0.18181818181818182,111.29281377027552,87.27757181102383,153.54108153533377
27,9,6,3,0.3333333333333333,0.2222222222222222,0.1111111111111111,102.01841262275255,106.67258776902912,93.83066093825951
21,6,4,2,0.2857142857142857,0.19047619047619047,0.09523809523809523,87.44435367664505,91.43364665916782,80.42628080422244
21,9,5,4,0.42857142857142855,0.23809523809523808,0.19047619047619047,131.16653051496755,114.29205832395976,160.8525616084449
24,4,3,1,0.16666666666666666,0.125,0.041666666666666664,51.009206311376275,60.003330620078884,35.18649785184732
25,6,3,3,0.24,0.12,0.12,73.45325708838185,57.60319739527573,101.33711381332027
16,5,4,1,0.3125,0.25,0.0625,95.64226183383052,120.00666124015777,52.779746777770974
21,5,2,3,0.23809523809523808,0.09523809523809523,0.14285714285714285,72.87029473053754,45.71682332958391,120.63942120633367
20,4,2,2,0.2,0.1,0.1,61.211047573651534,48.002664496063105,84.44759484443357
26,10,5,5,0.38461538461538464,0.19230769230769232,0.19230769230769232,117.71355302625295,92.3128163385829,162.39922085467995
24,6,2,4,0.25,0.08333333333333333,0.16666666666666666,76.51380946706442,40.00222041338592,140.74599140738928
16,4,2,2,0.25,0.125,0.125,76.51380946706442,60.003330620078884,105.55949355554195
18,5,2,3,0.2777777777777778,0.1111111111111111,0.16666666666666666,85.0153438522938,53.33629388451456,140.74599140738928
19,5,3,2,0.2631578947368421,0.15789473684210525,0.10526315789473684,80.54085207059411,75.79368078325753,88.89220509940375
23,8,2,6,0.34782608695652173,0.08695652173913043,0.2608695652173913,106.45399578026354,41.74144738788096,220.29807350721802
20,6,4,2,0.3,0.2,0.1,91.8165713604773,96.00532899212621,84.44759484443357
20,3,1,2,0.15,0.05,0.1,45.90828568023865,24.001332248031552,84.44759484443357
16,5,3,2,0.3125,0.1875,0.125,95.64226183383052,90.00499593011833,105.55949355554195
25,3,0,3,0.12,0.0,0.12,36.72662854419092,0.0,101.33711381332027
24,8,3,5,0.3333333333333333,0.125,0.20833333333333334,102.01841262275255,60.003330620078884,175.9324892592366
27,8,4,4,0.2962962962962963,0.14814814814814814,0.14814814814814814,90.68303344244671,71.11505851268608,125.10754791767936
24,4,3,1,0.16666666666666666,0.125,0.041666666666666664,51.009206311376275,60.003330620078884,35.18649785184732
16,2,1,1,0.125,0.0625,0.0625,38.25690473353221,30.001665310039442,52.779746777770974
27,9,7,2,0.3333333333333333,0.25925925925925924,0.07407407407407407,102.01841262275255,124.45135239720064,62.55377395883968
19,6,5,1,0.3157894736842105,0.2631578947368421,0.05263157894736842,96.64902248471294,126.32280130542921,44.44610254970188
25,4,3,1,0.16,0.12,0.04,48.96883805892123,57.60319739527573,33.779037937773424
26,9,2,7,0.34615384615384615,0.07692307692307693,0.2692307692307692,105.94219772362766,36.925126535433165,227.3589091965519
23,9,2,7,0.391304347826087,0.08695652173913043,0.30434782608695654,119.7607452527965,41.74144738788096,257.01441909175435
21,4,4,0,0.19047619047619047,0.19047619047619047,0.0,58.29623578443003,91.43364665916782,0.0
24,10,6,4,0.4166666666666667,0.25,0.16666666666666666,127.5230157784407,120.00666124015777,140.74599140738928
16,6,1,5,0.375,0.0625,0.3125,114.77071420059663,30.001665310039442,263.8987338888549
21,5,2,3,0.23809523809523808,0.09523809523809523,0.14285714285714285,72.87029473053754,45.71682332958391,120.63942120633367
27,5,2,3,0.18518518518518517,0.07407407407407407,0.1111111111111111,56.6768959015292,35.55752925634304,93.83066093825951
19,6,3,3,0.3157894736842105,0.15789473684210525,0.15789473684210525,96.64902248471294,75.79368078325753,133.33830764910564
20,7,2,5,0.35,0.1,0.25,107.11933325389018,48.002664496063105,211.1189871110839
17,6,1,5,0.35294117647058826,0.058823529411764705,0.29411764705882354,108.01949571820859,28.236861468272416,248.3752789542164
24,7,6,1,0.2916666666666667,0.25,0.041666666666666664,89.26611104490848,120.00666124015777,35.18649785184732
19,3,0,3,0.15789473684210525,0.0,0.15789473684210525,48.32451124235647,0.0,133.33830764910564
22,6,3,3,0.2727272727272727,0.13636363636363635,0.13636363636363635,83.46961032770663,65.45817885826787,115.1558111515003
16,3,1,2,0.1875,0.0625,0.125,57.385357100298314,30.001665310039442,105.55949355554195
18,3,1,2,0.16666666666666666,0.05555555555555555,0.1111111111111111,51.009206311376275,26.66814694225728,93.83066093825951
25,4,2,2,0.16,0.08,0.08,48.96883805892123,38.40213159685049,67.55807587554685
21,6,6,0,0.2857142857142857,0.2857142857142857,0.0,87.44435367664505,137.15046998875172,0.0
24,2,1,1,0.08333333333333333,0.041666666666666664,0.041666666666666664,25.504603155688137,20.00111020669296,35.18649785184732
22,2,1,1,0.09090909090909091,0.045454545454545456,0.045454545454545456,27.82320344256888,21.81939295275596,38.38527038383344
22,6,2,4,0.2727272727272727,0.09090909090909091,0.18181818181818182,83.46961032770663,43.63878590551192,153.54108153533377
18,7,5,2,0.3888888888888889,0.2777777777777778,0.1111111111111111,119.02148139321132,133.34073471128642,93.83066093825951
21,8,2,6,0.38095238095238093,0.09523809523809523,0.2857142857142857,116.59247156886006,45.71682332958391,241.27884241266733
28,9,7,2,0.32142857142857145,0.25,0.07142857142857142,98.37489788622568,120.00666124015777,60.31971060316683
23,5,3,2,0.21739130434782608,0.13043478260869565,0.08695652173913043,66.53374736266471,62.612171081821444,73.43269116907265
25,7,3,4,0.28,0.12,0.16,85.69546660311215,57.60319739527573,135.1161517510937
19,5,3,2,0.2631578947368421,0.15789473684210525,0.10526315789473684,80.54085207059411,75.79368078325753,88.89220509940375
22,9,3,6,0.4090909090909091,0.13636363636363635,0.2727272727272727,125.20441549155996,65.45817885826787,230.3116223030006
20,3,4,-1,0.15,0.2,-0.05,45.90828568023865,96.00532899212621,-42.223797422216784
22,8,1,7,0.36363636363636365,0.045454545454545456,0.3181818181818182,111.29281377027552,21.81939295275596,268.6968926868341
29,9,3,6,0.3103448275862069,0.10344827586206896,0.20689655172413793,94.98266002807996,49.6579287890308,174.71916174710393
24,7,2,5,0.2916666666666667,0.08333333333333333,0.20833333333333334,89.26611104490848,40.00222041338592,175.9324892592366
21,7,4,3,0.3333333333333333,0.19047619047619047,0.14285714285714285,102.01841262275255,91.43364665916782,120.63942120633367
24,6,3,3,0.25,0.125,0.125,76.51380946706442,60.003330620078884,105.55949355554195
23,6,3,3,0.2608695652173913,0.13043478260869565,0.13043478260869565,79.84049683519765,62.612171081821444,110.14903675360901
21,6,3,3,0.2857142857142857,0.14285714285714285,0.14285714285714285,87.44435367664505,68.57523499437586,120.63942120633367
20,5,2,3,0.25,0.1,0.15,76.51380946706442,48.002664496063105,126.67139226665034
21,6,4,2,0.2857142857142857,0.19047619047619047,0.09523809523809523,87.44435367664505,91.43364665916782,80.42628080422244
20,5,4,1,0.25,0.2,0.05,76.51380946706442,96.00532899212621,42.223797422216784
23,4,2,2,0.17391304347826086,0.08695652173913043,0.08695652173913043,53.22699789013177,41.74144738788096,73.43269116907265
18,1,0,1,0.05555555555555555,0.0,0.05555555555555555,17.00306877045876,0.0,46.915330469129756
28,8,5,3,0.2857142857142857,0.17857142857142858,0.10714285714285714,87.44435367664505,85.71904374296983,90.47956590475025
20,6,1,5,0.3,0.05,0.25,91.8165713604773,24.001332248031552,211.1189871110839
26,6,4,2,0.23076923076923078,0.15384615384615385,0.07692307692307693,70.62813181575177,73.85025307086633,64.95968834187198
21,8,5,3,0.38095238095238093,0.23809523809523808,0.14285714285714285,116.59247156886006,114.29205832395976,120.63942120633367
21,5,3,2,0.23809523809523808,0.14285714285714285,0.09523809523809523,72.87029473053754,68.57523499437586,80.42628080422244
21,4,3,1,0.19047619047619047,0.14285714285714285,0.047619047619047616,58.29623578443003,68.57523499437586,40.21314040211122
23,7,2,5,0.30434782608695654,0.08695652173913043,0.21739130434782608,93.1472463077306,41.74144738788096,183.58172792268167
23,4,1,3,0.17391304347826086,0.043478260869565216,0.13043478260869565,53.22699789013177,20.87072369394048,110.14903675360901
19,4,2,2,0.21052631578947367,0.10526315789473684,0.10526315789473684,64.4326816564753,50.52912052217169,88.89220509940375
24,8,1,7,0.3333333333333333,0.041666666666666664,0.2916666666666667,102.01841262275255,20.00111020669296,246.30548496293127
17,5,2,3,0.29411764705882354,0.11764705882352941,0.17647058823529413,90.0162464318405,56.47372293654483,149.02516737252984
24,4,2,2,0.16666666666666666,0.08333333333333333,0.08333333333333333,51.009206311376275,40.00222041338592,70.37299570369464
21,7,1,6,0.3333333333333333,0.047619047619047616,0.2857142857142857,102.01841262275255,22.858411664791955,241.27884241266733
21,6,2,4,0.2857142857142857,0.09523809523809523,0.19047619047619047,87.44435367664505,45.71682332958391,160.8525616084449
21,2,1,1,0.09523809523809523,0.047619047619047616,0.047619047619047616,29.148117892215016,22.858411664791955,40.21314040211122
13,2,1,1,0.15384615384615385,0.07692307692307693,0.07692307692307693,47.08542121050118,36.925126535433165,64.95968834187198
18,4,3,1,0.2222222222222222,0.16666666666666666,0.05555555555555555,68.01227508183504,80.00444082677184,46.915330469129756
19,1,0,1,0.05263157894736842,0.0,0.05263157894736842,16.108170414118824,0.0,44.44610254970188
29,6,5,1,0.20689655172413793,0.1724137931034483,0.034482758620689655,63.32177335205331,82.76321464838468,29.11986029118399
25,5,5,0,0.2,0.2,0.0,61.211047573651534,96.00532899212621,0.0
21,3,3,0,0.14285714285714285,0.14285714285714285,0.0,43.722176838322525,68.57523499437586,0.0
27,5,4,1,0.18518518518518517,0.14814814814814814,0.037037037037037035,56.6768959015292,71.11505851268608,31.27688697941984
20,7,4,3,0.35,0.2,0.15,107.11933325389018,96.00532899212621,126.67139226665034
17,5,2,3,0.29411764705882354,0.11764705882352941,0.17647058823529413,90.0162464318405,56.47372293654483,149.02516737252984
20,5,3,2,0.25,0.15,0.1,76.51380946706442,72.00399674409465,84.44759484443357
24,7,3,4,0.2916666666666667,0.125,0.16666666666666666,89.26611104490848,60.003330620078884,140.74599140738928
27,4,3,1,0.14814814814814814,0.1111111111111111,0.037037037037037035,45.34151672122336,53.33629388451456,31.27688697941984
20,4,2,2,0.2,0.1,0.1,61.211047573651534,48.002664496063105,84.44759484443357
19,6,2,4,0.3157894736842105,0.10526315789473684,0.21052631578947367,96.64902248471294,50.52912052217169,177.7844101988075
27,9,4,5,0.3333333333333333,0.14814814814814814,0.18518518518518517,102.01841262275255,71.11505851268608,156.3844348970992
23,5,3,2,0.21739130434782608,0.13043478260869565,0.08695652173913043,66.53374736266471,62.612171081821444,73.43269116907265
21,5,2,3,0.23809523809523808,0.09523809523809523,0.14285714285714285,72.87029473053754,45.71682332958391,120.63942120633367
23,6,2,4,0.2608695652173913,0.08695652173913043,0.17391304347826086,79.84049683519765,41.74144738788096,146.8653823381453
19,4,1,3,0.21052631578947367,0.05263157894736842,0.15789473684210525,64.4326816564753,25.264560261085844,133.33830764910564
22,6,1,5,0.2727272727272727,0.045454545454545456,0.22727272727272727,83.46961032770663,21.81939295275596,191.92635191916722
23,7,2,5,0.30434782608695654,0.08695652173913043,0.21739130434782608,93.1472463077306,41.74144738788096,183.58172792268167
21,6,3,3,0.2857142857142857,0.14285714285714285,0.14285714285714285,87.44435367664505,68.57523499437586,120.63942120633367
21,7,2,5,0.3333333333333333,0.09523809523809523,0.23809523809523808,102.01841262275255,45.71682332958391,201.0657020105561
27,12,9,3,0.4444444444444444,0.3333333333333333,0.1111111111111111,136.02455016367009,160.00888165354368,93.83066093825951
16,2,2,0,0.125,0.125,0.0,38.25690473353221,60.003330620078884,0.0
19,9,6,3,0.47368421052631576,0.3157894736842105,0.15789473684210525,144.97353372706942,151.58736156651506,133.33830764910564
18,3,2,1,0.16666666666666666,0.1111111111111111,0.05555555555555555,51.009206311376275,53.33629388451456,46.915330469129756
19,6,5,1,0.3157894736842105,0.2631578947368421,0.05263157894736842,96.64902248471294,126.32280130542921,44.44610254970188
17,7,4,3,0.4117647058823529,0.23529411764705882,0.17647058823529413,126.02274500457669,112.94744587308966,149.02516737252984
29,8,5,3,0.27586206896551724,0.1724137931034483,0.10344827586206896,84.42903113607109,82.76321464838468,87.35958087355196
20,6,3,3,0.3,0.15,0.15,91.8165713604773,72.00399674409465,126.67139226665034
18,5,3,2,0.2777777777777778,0.16666666666666666,0.1111111111111111,85.0153438522938,80.00444082677184,93.83066093825951
18,7,1,6,0.3888888888888889,0.05555555555555555,0.3333333333333333,119.02148139321132,26.66814694225728,281.49198281477857
26,7,4,3,0.2692307692307692,0.15384615384615385,0.11538461538461539,82.39948711837705,73.85025307086633,97.43953251280797
23,3,2,1,0.13043478260869565,0.08695652173913043,0.043478260869565216,39.92024841759883,41.74144738788096,36.71634558453633
20,6,4,2,0.3,0.2,0.1,91.8165713604773,96.00532899212621,84.44759484443357
18,3,2,1,0.16666666666666666,0.1111111111111111,0.05555555555555555,51.009206311376275,53.33629388451456,46.915330469129756
15,5,4,1,0.3333333333333333,0.26666666666666666,0.06666666666666667,102.01841262275255,128.00710532283495,56.29839656295571
21,8,5,3,0.38095238095238093,0.23809523809523808,0.14285714285714285,116.59247156886006,114.29205832395976,120.63942120633367
20,5,2,3,0.25,0.1,0.15,76.51380946706442,48.002664496063105,126.67139226665034
19,5,3,2,0.2631578947368421,0.15789473684210525,0.10526315789473684,80.54085207059411,75.79368078325753,88.89220509940375
21,7,3,4,0.3333333333333333,0.14285714285714285,0.19047619047619047,102.01841262275255,68.57523499437586,160.8525616084449
22,8,5,3,0.36363636363636365,0.22727272727272727,0.13636363636363635,111.29281377027552,109.0969647637798,115.1558111515003
17,8,5,3,0.47058823529411764,0.29411764705882354,0.17647058823529413,144.0259942909448,141.18430734136209,149.02516737252984
22,8,4,4,0.36363636363636365,0.18181818181818182,0.18181818181818182,111.29281377027552,87.27757181102383,153.54108153533377
22,7,4,3,0.3181818181818182,0.18181818181818182,0.13636363636363635,97.38121204899107,87.27757181102383,115.1558111515003
20,8,1,7,0.4,0.05,0.35,122.42209514730307,24.001332248031552,295.56658195551745
24,9,6,3,0.375,0.25,0.125,114.77071420059663,120.00666124015777,105.55949355554195
17,4,4,0,0.23529411764705882,0.23529411764705882,0.0,72.0129971454724,112.94744587308966,0.0
15,3,1,2,0.2,0.06666666666666667,0.13333333333333333,61.211047573651534,32.001776330708736,112.59679312591142
17,1,1,0,0.058823529411764705,0.058823529411764705,0.0,18.0032492863681,28.236861468272416,0.0
25,8,6,2,0.32,0.24,0.08,97.93767611784246,115.20639479055146,67.55807587554685
16,3,2,1,0.1875,0.125,0.0625,57.385357100298314,60.003330620078884,52.779746777770974
19,7,1,6,0.3684210526315789,0.05263157894736842,0.3157894736842105,112.75719289883178,25.264560261085844,266.6766152982113
16,2,1,1,0.125,0.0625,0.0625,38.25690473353221,30.001665310039442,52.779746777770974
19,7,3,4,0.3684210526315789,0.15789473684210525,0.21052631578947367,112.75719289883178,75.79368078325753,177.7844101988075
20,6,1,5,0.3,0.05,0.25,91.8165713604773,24.001332248031552,211.1189871110839
23,6,2,4,0.2608695652173913,0.08695652173913043,0.17391304347826086,79.84049683519765,41.74144738788096,146.8653823381453
23,7,5,2,0.30434782608695654,0.21739130434782608,0.08695652173913043,93.1472463077306,104.35361846970241,73.43269116907265
21,5,3,2,0.23809523809523808,0.14285714285714285,0.09523809523809523,72.87029473053754,68.57523499437586,80.42628080422244
18,3,2,1,0.16666666666666666,0.1111111111111111,0.05555555555555555,51.009206311376275,53.33629388451456,46.915330469129756
18,4,2,2,0.2222222222222222,0.1111111111111111,0.1111111111111111,68.01227508183504,53.33629388451456,93.83066093825951
24,5,4,1,0.20833333333333334,0.16666666666666666,0.041666666666666664,63.76150788922035,80.00444082677184,35.18649785184732
19,5,2,3,0.2631578947368421,0.10526315789473684,0.15789473684210525,80.54085207059411,50.52912052217169,133.33830764910564
13,6,4,2,0.46153846153846156,0.3076923076923077,0.15384615384615385,141.25626363150354,147.70050614173266,129.91937668374396
21,7,4,3,0.3333333333333333,0.19047619047619047,0.14285714285714285,102.01841262275255,91.43364665916782,120.63942120633367
18,6,2,4,0.3333333333333333,0.1111111111111111,0.2222222222222222,102.01841262275255,53.33629388451456,187.66132187651903
22,5,4,1,0.22727272727272727,0.18181818181818182,0.045454545454545456,69.55800860642219,87.27757181102383,38.38527038383344
17,2,0,2,0.11764705882352941,0.0,0.11764705882352941,36.0064985727362,0.0,99.35011158168655
19,6,1,5,0.3157894736842105,0.05263157894736842,0.2631578947368421,96.64902248471294,25.264560261085844,222.23051274850937
16,3,2,1,0.1875,0.125,0.0625,57.385357100298314,60.003330620078884,52.779746777770974
22,8,5,3,0.36363636363636365,0.22727272727272727,0.13636363636363635,111.29281377027552,109.0969647637798,115.1558111515003
13,5,4,1,0.38461538461538464,0.3076923076923077,0.07692307692307693,117.71355302625295,147.70050614173266,64.95968834187198
16,7,1,6,0.4375,0.0625,0.375,133.89916656736273,30.001665310039442,316.6784806666259
19,9,5,4,0.47368421052631576,0.2631578947368421,0.21052631578947367,144.97353372706942,126.32280130542921,177.7844101988075
21,5,4,1,0.23809523809523808,0.19047619047619047,0.047619047619047616,72.87029473053754,91.43364665916782,40.21314040211122
21,5,3,2,0.23809523809523808,0.14285714285714285,0.09523809523809523,72.87029473053754,68.57523499437586,80.42628080422244
19,7,3,4,0.3684210526315789,0.15789473684210525,0.21052631578947367,112.75719289883178,75.79368078325753,177.7844101988075
20,6,5,1,0.3,0.25,0.05,91.8165713604773,120.00666124015777,42.223797422216784
17,4,2,2,0.23529411764705882,0.11764705882352941,0.11764705882352941,72.0129971454724,56.47372293654483,99.35011158168655
24,6,6,0,0.25,0.25,0.0,76.51380946706442,120.00666124015777,0.0
22,4,1,3,0.18181818181818182,0.045454545454545456,0.13636363636363635,55.64640688513776,21.81939295275596,115.1558111515003
13,6,5,1,0.46153846153846156,0.38461538461538464,0.07692307692307693,141.25626363150354,184.6256326771658,64.95968834187198
22,6,3,3,0.2727272727272727,0.13636363636363635,0.13636363636363635,83.46961032770663,65.45817885826787,115.1558111515003
21,10,7,3,0.47619047619047616,0.3333333333333333,0.14285714285714285,145.74058946107507,160.00888165354368,120.63942120633367
21,2,0,2,0.09523809523809523,0.0,0.09523809523809523,29.148117892215016,0.0,80.42628080422244
18,3,1,2,0.16666666666666666,0.05555555555555555,0.1111111111111111,51.009206311376275,26.66814694225728,93.83066093825951
18,3,2,1,0.16666666666666666,0.1111111111111111,0.05555555555555555,51.009206311376275,53.33629388451456,46.915330469129756
16,3,2,1,0.1875,0.125,0.0625,57.385357100298314,60.003330620078884,52.779746777770974
15,7,3,4,0.4666666666666667,0.2,0.26666666666666666,142.8257776718536,96.00532899212621,225.19358625182284
20,5,2,3,0.25,0.1,0.15,76.51380946706442,48.002664496063105,126.67139226665034
19,7,3,4,0.3684210526315789,0.15789473684210525,0.21052631578947367,112.75719289883178,75.79368078325753,177.7844101988075
20,3,1,2,0.15,0.05,0.1,45.90828568023865,24.001332248031552,84.44759484443357
21,5,2,3,0.23809523809523808,0.09523809523809523,0.14285714285714285,72.87029473053754,45.71682332958391,120.63942120633367
16,6,5,1,0.375,0.3125,0.0625,114.77071420059663,150.0083265501972,52.779746777770974
16,7,4,3,0.4375,0.25,0.1875,133.89916656736273,120.00666124015777,158.33924033331294
22,1,0,1,0.045454545454545456,0.0,0.045454545454545456,13.91160172128444,0.0,38.38527038383344
18,7,4,3,0.3888888888888889,0.2222222222222222,0.16666666666666666,119.02148139321132,106.67258776902912,140.74599140738928
26,10,5,5,0.38461538461538464,0.19230769230769232,0.19230769230769232,117.71355302625295,92.3128163385829,162.39922085467995
14,2,0,2,0.14285714285714285,0.0,0.14285714285714285,43.722176838322525,0.0,120.63942120633367
17,8,4,4,0.47058823529411764,0.23529411764705882,0.23529411764705882,144.0259942909448,112.94744587308966,198.7002231633731
16,4,3,1,0.25,0.1875,0.0625,76.51380946706442,90.00499593011833,52.779746777770974
25,8,5,3,0.32,0.2,0.12,97.93767611784246,96.00532899212621,101.33711381332027
15,5,3,2,0.3333333333333333,0.2,0.13333333333333333,102.01841262275255,96.00532899212621,112.59679312591142
21,8,5,3,0.38095238095238093,0.23809523809523808,0.14285714285714285,116.59247156886006,114.29205832395976,120.63942120633367
13,3,2,1,0.23076923076923078,0.15384615384615385,0.07692307692307693,70.62813181575177,73.85025307086633,64.95968834187198
17,6,4,2,0.35294117647058826,0.23529411764705882,0.11764705882352941,108.01949571820859,112.94744587308966,99.35011158168655
16,3,0,3,0.1875,0.0,0.1875,57.385357100298314,0.0,158.33924033331294
5,1,1,0,0.2,0.2,0.0,61.211047573651534,96.00532899212621,0.0
22,8,3,5,0.36363636363636365,0.13636363636363635,0.22727272727272727,111.29281377027552,65.45817885826787,191.92635191916722
20,2,1,1,0.1,0.05,0.05,30.605523786825767,24.001332248031552,42.223797422216784
18,5,4,1,0.2777777777777778,0.2222222222222222,0.05555555555555555,85.0153438522938,106.67258776902912,46.915330469129756
18,5,6,-1,0.2777777777777778,0.3333333333333333,-0.05555555555555555,85.0153438522938,160.00888165354368,-46.915330469129756
14,7,5,2,0.5,0.35714285714285715,0.14285714285714285,153.02761893412884,171.43808748593966,120.63942120633367
16,7,3,4,0.4375,0.1875,0.25,133.89916656736273,90.00499593011833,211.1189871110839
18,6,3,3,0.3333333333333333,0.16666666666666666,0.16666666666666666,102.01841262275255,80.00444082677184,140.74599140738928
20,2,2,0,0.1,0.1,0.0,30.605523786825767,48.002664496063105,0.0
17,7,5,2,0.4117647058823529,0.29411764705882354,0.11764705882352941,126.02274500457669,141.18430734136209,99.35011158168655
19,5,3,2,0.2631578947368421,0.15789473684210525,0.10526315789473684,80.54085207059411,75.79368078325753,88.89220509940375
11,3,2,1,0.2727272727272727,0.18181818181818182,0.09090909090909091,83.46961032770663,87.27757181102383,76.77054076766689
26,4,2,2,0.15384615384615385,0.07692307692307693,0.07692307692307693,47.08542121050118,36.925126535433165,64.95968834187198
19,3,3,0,0.15789473684210525,0.15789473684210525,0.0,48.32451124235647,75.79368078325753,0.0
22,3,2,1,0.13636363636363635,0.09090909090909091,0.045454545454545456,41.734805163853316,43.63878590551192,38.38527038383344
19,4,2,2,0.21052631578947367,0.10526315789473684,0.10526315789473684,64.4326816564753,50.52912052217169,88.89220509940375
19,6,4,2,0.3157894736842105,0.21052631578947367,0.10526315789473684,96.64902248471294,101.05824104434338,88.89220509940375
21,10,7,3,0.47619047619047616,0.3333333333333333,0.14285714285714285,145.74058946107507,160.00888165354368,120.63942120633367
17,3,1,2,0.17647058823529413,0.058823529411764705,0.11764705882352941,54.009747859104294,28.236861468272416,99.35011158168655
17,4,0,4,0.23529411764705882,0.0,0.23529411764705882,72.0129971454724,0.0,198.7002231633731
29,12,6,6,0.41379310344827586,0.20689655172413793,0.20689655172413793,126.64354670410663,99.3158575780616,174.71916174710393
21,7,2,5,0.3333333333333333,0.09523809523809523,0.23809523809523808,102.01841262275255,45.71682332958391,201.0657020105561
17,7,6,1,0.4117647058823529,0.35294117647058826,0.058823529411764705,126.02274500457669,169.4211688096345,49.675055790843274
17,6,5,1,0.35294117647058826,0.29411764705882354,0.058823529411764705,108.01949571820859,141.18430734136209,49.675055790843274
20,6,2,4,0.3,0.1,0.2,91.8165713604773,48.002664496063105,168.89518968886713
18,11,2,9,0.6111111111111112,0.1111111111111111,0.5,187.03375647504637,53.33629388451456,422.2379742221678
26,4,1,3,0.15384615384615385,0.038461538461538464,0.11538461538461539,47.08542121050118,18.462563267716583,97.43953251280797
18,5,5,0,0.2777777777777778,0.2777777777777778,0.0,85.0153438522938,133.34073471128642,0.0
15,5,0,5,0.3333333333333333,0.0,0.3333333333333333,102.01841262275255,0.0,281.49198281477857
19,5,2,3,0.2631578947368421,0.10526315789473684,0.15789473684210525,80.54085207059411,50.52912052217169,133.33830764910564
18,3,3,0,0.16666666666666666,0.16666666666666666,0.0,51.009206311376275,80.00444082677184,0.0
20,4,1,3,0.2,0.05,0.15,61.211047573651534,24.001332248031552,126.67139226665034
26,10,7,3,0.38461538461538464,0.2692307692307692,0.11538461538461539,117.71355302625295,129.23794287401606,97.43953251280797
12,4,3,1,0.3333333333333333,0.25,0.08333333333333333,102.01841262275255,120.00666124015777,70.37299570369464
20,8,7,1,0.4,0.35,0.05,122.42209514730307,168.00932573622086,42.223797422216784
20,7,4,3,0.35,0.2,0.15,107.11933325389018,96.00532899212621,126.67139226665034
19,3,2,1,0.15789473684210525,0.10526315789473684,0.05263157894736842,48.32451124235647,50.52912052217169,44.44610254970188
22,7,4,3,0.3181818181818182,0.18181818181818182,0.13636363636363635,97.38121204899107,87.27757181102383,115.1558111515003
18,5,3,2,0.2777777777777778,0.16666666666666666,0.1111111111111111,85.0153438522938,80.00444082677184,93.83066093825951
13,5,3,2,0.38461538461538464,0.23076923076923078,0.15384615384615385,117.71355302625295,110.77537960629948,129.91937668374396
20,3,2,1,0.15,0.1,0.05,45.90828568023865,48.002664496063105,42.223797422216784
18,3,1,2,0.16666666666666666,0.05555555555555555,0.1111111111111111,51.009206311376275,26.66814694225728,93.83066093825951
19,3,0,3,0.15789473684210525,0.0,0.15789473684210525,48.32451124235647,0.0,133.33830764910564
21,7,5,2,0.3333333333333333,0.23809523809523808,0.09523809523809523,102.01841262275255,114.29205832395976,80.42628080422244
25,6,5,1,0.24,0.2,0.04,73.45325708838185,96.00532899212621,33.779037937773424
18,6,6,0,0.3333333333333333,0.3333333333333333,0.0,102.01841262275255,160.00888165354368,0.0
19,4,3,1,0.21052631578947367,0.15789473684210525,0.05263157894736842,64.4326816564753,75.79368078325753,44.44610254970188
14,6,2,4,0.42857142857142855,0.14285714285714285,0.2857142857142857,131.16653051496755,68.57523499437586,241.27884241266733
22,5,4,1,0.22727272727272727,0.18181818181818182,0.045454545454545456,69.55800860642219,87.27757181102383,38.38527038383344
20,3,2,1,0.15,0.1,0.05,45.90828568023865,48.002664496063105,42.223797422216784
18,7,3,4,0.3888888888888889,0.16666666666666666,0.2222222222222222,119.02148139321132,80.00444082677184,187.66132187651903
15,2,0,2,0.13333333333333333,0.0,0.13333333333333333,40.80736504910102,0.0,112.59679312591142
20,6,4,2,0.3,0.2,0.1,91.8165713604773,96.00532899212621,84.44759484443357
19,3,0,3,0.15789473684210525,0.0,0.15789473684210525,48.32451124235647,0.0,133.33830764910564
19,2,0,2,0.10526315789473684,0.0,0.10526315789473684,32.21634082823765,0.0,88.89220509940375
15,5,2,3,0.3333333333333333,0.13333333333333333,0.2,102.01841262275255,64.00355266141747,168.89518968886713
18,4,4,0,0.2222222222222222,0.2222222222222222,0.0,68.01227508183504,106.67258776902912,0.0
14,2,2,0,0.14285714285714285,0.14285714285714285,0.0,43.722176838322525,68.57523499437586,0.0
14,8,7,1,0.5714285714285714,0.5,0.07142857142857142,174.8887073532901,240.01332248031554,60.31971060316683
17,2,2,0,0.11764705882352941,0.11764705882352941,0.0,36.0064985727362,56.47372293654483,0.0
18,3,2,1,0.16666666666666666,0.1111111111111111,0.05555555555555555,51.009206311376275,53.33629388451456,46.915330469129756
24,5,3,2,0.20833333333333334,0.125,0.08333333333333333,63.76150788922035,60.003330620078884,70.37299570369464
19,4,3,1,0.21052631578947367,0.15789473684210525,0.05263157894736842,64.4326816564753,75.79368078325753,44.44610254970188
17,7,4,3,0.4117647058823529,0.23529411764705882,0.17647058823529413,126.02274500457669,112.94744587308966,149.02516737252984
18,2,1,1,0.1111111111111111,0.05555555555555555,0.05555555555555555,34.00613754091752,26.66814694225728,46.915330469129756
19,3,2,1,0.15789473684210525,0.10526315789473684,0.05263157894736842,48.32451124235647,50.52912052217169,44.44610254970188
23,8,5,3,0.34782608695652173,0.21739130434782608,0.13043478260869565,106.45399578026354,104.35361846970241,110.14903675360901
22,8,4,4,0.36363636363636365,0.18181818181818182,0.18181818181818182,111.29281377027552,87.27757181102383,153.54108153533377
17,3,2,1,0.17647058823529413,0.11764705882352941,0.058823529411764705,54.009747859104294,56.47372293654483,49.675055790843274
19,3,3,0,0.15789473684210525,0.15789473684210525,0.0,48.32451124235647,75.79368078325753,0.0
23,2,2,0,0.08695652173913043,0.08695652173913043,0.0,26.613498945065885,41.74144738788096,0.0
20,3,1,2,0.15,0.05,0.1,45.90828568023865,24.001332248031552,84.44759484443357
18,5,1,4,0.2777777777777778,0.05555555555555555,0.2222222222222222,85.0153438522938,26.66814694225728,187.66132187651903
14,5,2,3,0.35714285714285715,0.14285714285714285,0.21428571428571427,109.3054420958063,68.57523499437586,180.9591318095005
22,4,2,2,0.18181818181818182,0.09090909090909091,0.09090909090909091,55.64640688513776,43.63878590551192,76.77054076766689
20,6,4,2,0.3,0.2,0.1,91.8165713604773,96.00532899212621,84.44759484443357
16,2,3,-1,0.125,0.1875,-0.0625,38.25690473353221,90.00499593011833,-52.779746777770974
21,8,3,5,0.38095238095238093,0.14285714285714285,0.23809523809523808,116.59247156886006,68.57523499437586,201.0657020105561
15,5,4,1,0.3333333333333333,0.26666666666666666,0.06666666666666667,102.01841262275255,128.00710532283495,56.29839656295571
18,7,3,4,0.3888888888888889,0.16666666666666666,0.2222222222222222,119.02148139321132,80.00444082677184,187.66132187651903
15,4,4,0,0.26666666666666666,0.26666666666666666,0.0,81.61473009820205,128.00710532283495,0.0
17,5,2,3,0.29411764705882354,0.11764705882352941,0.17647058823529413,90.0162464318405,56.47372293654483,149.02516737252984
16,4,2,2,0.25,0.125,0.125,76.51380946706442,60.003330620078884,105.55949355554195
19,8,6,2,0.42105263157894735,0.3157894736842105,0.10526315789473684,128.8653633129506,151.58736156651506,88.89220509940375
15,2,1,1,0.13333333333333333,0.06666666666666667,0.06666666666666667,40.80736504910102,32.001776330708736,56.29839656295571
10,1,1,0,0.1,0.1,0.0,30.605523786825767,48.002664496063105,0.0
18,8,5,3,0.4444444444444444,0.2777777777777778,0.16666666666666666,136.02455016367009,133.34073471128642,140.74599140738928
15,5,4,1,0.3333333333333333,0.26666666666666666,0.06666666666666667,102.01841262275255,128.00710532283495,56.29839656295571
18,5,4,1,0.2777777777777778,0.2222222222222222,0.05555555555555555,85.0153438522938,106.67258776902912,46.915330469129756
25,3,3,0,0.12,0.12,0.0,36.72662854419092,57.60319739527573,0.0
20,4,1,3,0.2,0.05,0.15,61.211047573651534,24.001332248031552,126.67139226665034
26,11,6,5,0.4230769230769231,0.23076923076923078,0.19230769230769232,129.48490832887825,110.77537960629948,162.39922085467995
16,4,2,2,0.25,0.125,0.125,76.51380946706442,60.003330620078884,105.55949355554195
22,3,1,2,0.13636363636363635,0.045454545454545456,0.09090909090909091,41.734805163853316,21.81939295275596,76.77054076766689
17,4,2,2,0.23529411764705882,0.11764705882352941,0.11764705882352941,72.0129971454724,56.47372293654483,99.35011158168655
24,9,5,4,0.375,0.20833333333333334,0.16666666666666666,114.77071420059663,100.0055510334648,140.74599140738928
21,8,6,2,0.38095238095238093,0.2857142857142857,0.09523809523809523,116.59247156886006,137.15046998875172,80.42628080422244
26,6,3,3,0.23076923076923078,0.11538461538461539,0.11538461538461539,70.62813181575177,55.38768980314974,97.43953251280797
22,7,3,4,0.3181818181818182,0.13636363636363635,0.18181818181818182,97.38121204899107,65.45817885826787,153.54108153533377
21,6,2,4,0.2857142857142857,0.09523809523809523,0.19047619047619047,87.44435367664505,45.71682332958391,160.8525616084449
21,7,6,1,0.3333333333333333,0.2857142857142857,0.047619047619047616,102.01841262275255,137.15046998875172,40.21314040211122
14,6,2,4,0.42857142857142855,0.14285714285714285,0.2857142857142857,131.16653051496755,68.57523499437586,241.27884241266733
20,6,3,3,0.3,0.15,0.15,91.8165713604773,72.00399674409465,126.67139226665034
18,3,1,2,0.16666666666666666,0.05555555555555555,0.1111111111111111,51.009206311376275,26.66814694225728,93.83066093825951
17,3,0,3,0.17647058823529413,0.0,0.17647058823529413,54.009747859104294,0.0,149.02516737252984
22,7,4,3,0.3181818181818182,0.18181818181818182,0.13636363636363635,97.38121204899107,87.27757181102383,115.1558111515003
20,3,2,1,0.15,0.1,0.05,45.90828568023865,48.002664496063105,42.223797422216784
21,6,6,0,0.2857142857142857,0.2857142857142857,0.0,87.44435367664505,137.15046998875172,0.0
18,7,2,5,0.3888888888888889,0.1111111111111111,0.2777777777777778,119.02148139321132,53.33629388451456,234.57665234564882
16,4,1,3,0.25,0.0625,0.1875,76.51380946706442,30.001665310039442,158.33924033331294
23,6,4,2,0.2608695652173913,0.17391304347826086,0.08695652173913043,79.84049683519765,83.48289477576192,73.43269116907265
15,8,4,4,0.5333333333333333,0.26666666666666666,0.26666666666666666,163.2294601964041,128.00710532283495,225.19358625182284
16,5,2,3,0.3125,0.125,0.1875,95.64226183383052,60.003330620078884,158.33924033331294
11,2,1,1,0.18181818181818182,0.09090909090909091,0.09090909090909091,55.64640688513776,43.63878590551192,76.77054076766689
17,4,3,1,0.23529411764705882,0.17647058823529413,0.058823529411764705,72.0129971454724,84.71058440481725,49.675055790843274
15,2,1,1,0.13333333333333333,0.06666666666666667,0.06666666666666667,40.80736504910102,32.001776330708736,56.29839656295571
19,5,3,2,0.2631578947368421,0.15789473684210525,0.10526315789473684,80.54085207059411,75.79368078325753,88.89220509940375
15,4,4,0,0.26666666666666666,0.26666666666666666,0.0,81.61473009820205,128.00710532283495,0.0
15,7,5,2,0.4666666666666667,0.3333333333333333,0.13333333333333333,142.8257776718536,160.00888165354368,112.59679312591142
17,4,2,2,0.23529411764705882,0.11764705882352941,0.11764705882352941,72.0129971454724,56.47372293654483,99.35011158168655
16,3,2,1,0.1875,0.125,0.0625,57.385357100298314,60.003330620078884,52.779746777770974
17,3,1,2,0.17647058823529413,0.058823529411764705,0.11764705882352941,54.009747859104294,28.236861468272416,99.35011158168655
12,3,2,1,0.25,0.16666666666666666,0.08333333333333333,76.51380946706442,80.00444082677184,70.37299570369464
20,5,2,3,0.25,0.1,0.15,76.51380946706442,48.002664496063105,126.67139226665034
22,7,4,3,0.3181818181818182,0.18181818181818182,0.13636363636363635,97.38121204899107,87.27757181102383,115.1558111515003
20,5,2,3,0.25,0.1,0.15,76.51380946706442,48.002664496063105,126.67139226665034
17,5,3,2,0.29411764705882354,0.17647058823529413,0.11764705882352941,90.0162464318405,84.71058440481725,99.35011158168655
27,4,3,1,0.14814814814814814,0.1111111111111111,0.037037037037037035,45.34151672122336,53.33629388451456,31.27688697941984
18,2,1,1,0.1111111111111111,0.05555555555555555,0.05555555555555555,34.00613754091752,26.66814694225728,46.915330469129756
23,5,5,0,0.21739130434782608,0.21739130434782608,0.0,66.53374736266471,104.35361846970241,0.0
19,3,2,1,0.15789473684210525,0.10526315789473684,0.05263157894736842,48.32451124235647,50.52912052217169,44.44610254970188
20,5,4,1,0.25,0.2,0.05,76.51380946706442,96.00532899212621,42.223797422216784
18,4,0,4,0.2222222222222222,0.0,0.2222222222222222,68.01227508183504,0.0,187.66132187651903
16,2,1,1,0.125,0.0625,0.0625,38.25690473353221,30.001665310039442,52.779746777770974
23,1,0,1,0.043478260869565216,0.0,0.043478260869565216,13.306749472532942,0.0,36.71634558453633
14,9,4,5,0.6428571428571429,0.2857142857142857,0.35714285714285715,196.74979577245136,137.15046998875172,301.59855301583417
16,6,3,3,0.375,0.1875,0.1875,114.77071420059663,90.00499593011833,158.33924033331294
21,7,4,3,0.3333333333333333,0.19047619047619047,0.14285714285714285,102.01841262275255,91.43364665916782,120.63942120633367
16,4,2,2,0.25,0.125,0.125,76.51380946706442,60.003330620078884,105.55949355554195
18,7,2,5,0.3888888888888889,0.1111111111111111,0.2777777777777778,119.02148139321132,53.33629388451456,234.57665234564882
23,6,5,1,0.2608695652173913,0.21739130434782608,0.043478260869565216,79.84049683519765,104.35361846970241,36.71634558453633
18,8,7,1,0.4444444444444444,0.3888888888888889,0.05555555555555555,136.02455016367009,186.67702859580098,46.915330469129756
16,2,1,1,0.125,0.0625,0.0625,38.25690473353221,30.001665310039442,52.779746777770974
13,3,0,3,0.23076923076923078,0.0,0.23076923076923078,70.62813181575177,0.0,194.87906502561594
23,10,8,2,0.43478260869565216,0.34782608695652173,0.08695652173913043,133.06749472532942,166.96578955152384,73.43269116907265
17,4,2,2,0.23529411764705882,0.11764705882352941,0.11764705882352941,72.0129971454724,56.47372293654483,99.35011158168655
16,8,5,3,0.5,0.3125,0.1875,153.02761893412884,150.0083265501972,158.33924033331294
19,5,5,0,0.2631578947368421,0.2631578947368421,0.0,80.54085207059411,126.32280130542921,0.0
21,4,2,2,0.19047619047619047,0.09523809523809523,0.09523809523809523,58.29623578443003,45.71682332958391,80.42628080422244
22,7,5,2,0.3181818181818182,0.22727272727272727,0.09090909090909091,97.38121204899107,109.0969647637798,76.77054076766689
17,4,4,0,0.23529411764705882,0.23529411764705882,0.0,72.0129971454724,112.94744587308966,0.0
17,4,2,2,0.23529411764705882,0.11764705882352941,0.11764705882352941,72.0129971454724,56.47372293654483,99.35011158168655
26,5,5,0,0.19230769230769232,0.19230769230769232,0.0,58.856776513126476,92.3128163385829,0.0
22,6,1,5,0.2727272727272727,0.045454545454545456,0.22727272727272727,83.46961032770663,21.81939295275596,191.92635191916722
19,5,1,4,0.2631578947368421,0.05263157894736842,0.21052631578947367,80.54085207059411,25.264560261085844,177.7844101988075
15,4,2,2,0.26666666666666666,0.13333333333333333,0.13333333333333333,81.61473009820205,64.00355266141747,112.59679312591142
14,3,1,2,0.21428571428571427,0.07142857142857142,0.14285714285714285,65.58326525748377,34.28761749718793,120.63942120633367
19,6,6,0,0.3157894736842105,0.3157894736842105,0.0,96.64902248471294,151.58736156651506,0.0
16,3,3,0,0.1875,0.1875,0.0,57.385357100298314,90.00499593011833,0.0
25,10,6,4,0.4,0.24,0.16,122.42209514730307,115.20639479055146,135.1161517510937
18,3,3,0,0.16666666666666666,0.16666666666666666,0.0,51.009206311376275,80.00444082677184,0.0
14,4,3,1,0.2857142857142857,0.21428571428571427,0.07142857142857142,87.44435367664505,102.8628524915638,60.31971060316683
14,1,1,0,0.07142857142857142,0.07142857142857142,0.0,21.861088419161263,34.28761749718793,0.0
16,3,3,0,0.1875,0.1875,0.0,57.385357100298314,90.00499593011833,0.0
14,5,3,2,0.35714285714285715,0.21428571428571427,0.14285714285714285,109.3054420958063,102.8628524915638,120.63942120633367
21,4,3,1,0.19047619047619047,0.14285714285714285,0.047619047619047616,58.29623578443003,68.57523499437586,40.21314040211122
22,9,7,2,0.4090909090909091,0.3181818181818182,0.09090909090909091,125.20441549155996,152.7357506692917,76.77054076766689
19,4,2,2,0.21052631578947367,0.10526315789473684,0.10526315789473684,64.4326816564753,50.52912052217169,88.89220509940375
17,5,4,1,0.29411764705882354,0.23529411764705882,0.058823529411764705,90.0162464318405,112.94744587308966,49.675055790843274
14,3,3,0,0.21428571428571427,0.21428571428571427,0.0,65.58326525748377,102.8628524915638,0.0
19,4,2,2,0.21052631578947367,0.10526315789473684,0.10526315789473684,64.4326816564753,50.52912052217169,88.89220509940375
16,8,5,3,0.5,0.3125,0.1875,153.02761893412884,150.0083265501972,158.33924033331294
18,7,6,1,0.3888888888888889,0.3333333333333333,0.05555555555555555,119.02148139321132,160.00888165354368,46.915330469129756
17,5,3,2,0.29411764705882354,0.17647058823529413,0.11764705882352941,90.0162464318405,84.71058440481725,99.35011158168655
22,7,2,5,0.3181818181818182,0.09090909090909091,0.22727272727272727,97.38121204899107,43.63878590551192,191.92635191916722
18,4,2,2,0.2222222222222222,0.1111111111111111,0.1111111111111111,68.01227508183504,53.33629388451456,93.83066093825951
19,6,5,1,0.3157894736842105,0.2631578947368421,0.05263157894736842,96.64902248471294,126.32280130542921,44.44610254970188
24,5,4,1,0.20833333333333334,0.16666666666666666,0.041666666666666664,63.76150788922035,80.00444082677184,35.18649785184732
15,1,1,0,0.06666666666666667,0.06666666666666667,0.0,20.40368252455051,32.001776330708736,0.0
21,4,3,1,0.19047619047619047,0.14285714285714285,0.047619047619047616,58.29623578443003,68.57523499437586,40.21314040211122
15,4,4,0,0.26666666666666666,0.26666666666666666,0.0,81.61473009820205,128.00710532283495,0.0
19,3,1,2,0.15789473684210525,0.05263157894736842,0.10526315789473684,48.32451124235647,25.264560261085844,88.89220509940375
16,1,0,1,0.0625,0.0,0.0625,19.128452366766105,0.0,52.779746777770974
22,6,4,2,0.2727272727272727,0.18181818181818182,0.09090909090909091,83.46961032770663,87.27757181102383,76.77054076766689
14,4,2,2,0.2857142857142857,0.14285714285714285,0.14285714285714285,87.44435367664505,68.57523499437586,120.63942120633367
15,2,1,1,0.13333333333333333,0.06666666666666667,0.06666666666666667,40.80736504910102,32.001776330708736,56.29839656295571
13,3,0,3,0.23076923076923078,0.0,0.23076923076923078,70.62813181575177,0.0,194.87906502561594
20,8,5,3,0.4,0.25,0.15,122.42209514730307,120.00666124015777,126.67139226665034
14,4,4,0,0.2857142857142857,0.2857142857142857,0.0,87.44435367664505,137.15046998875172,0.0
14,2,0,2,0.14285714285714285,0.0,0.14285714285714285,43.722176838322525,0.0,120.63942120633367
13,3,3,0,0.23076923076923078,0.23076923076923078,0.0,70.62813181575177,110.77537960629948,0.0
13,2,2,0,0.15384615384615385,0.15384615384615385,0.0,47.08542121050118,73.85025307086633,0.0
14,3,0,3,0.21428571428571427,0.0,0.21428571428571427,65.58326525748377,0.0,180.9591318095005
17,3,0,3,0.17647058823529413,0.0,0.17647058823529413,54.009747859104294,0.0,149.02516737252984
17,4,1,3,0.23529411764705882,0.058823529411764705,0.17647058823529413,72.0129971454724,28.236861468272416,149.02516737252984
20,8,2,6,0.4,0.1,0.3,122.42209514730307,48.002664496063105,253.3427845333007
12,6,3,3,0.5,0.25,0.25,153.02761893412884,120.00666124015777,211.1189871110839
16,5,5,0,0.3125,0.3125,0.0,95.64226183383052,150.0083265501972,0.0
13,0,0,0,0.0,0.0,0.0,0.0,0.0,0.0
18,6,3,3,0.3333333333333333,0.16666666666666666,0.16666666666666666,102.01841262275255,80.00444082677184,140.74599140738928
18,6,3,3,0.3333333333333333,0.16666666666666666,0.16666666666666666,102.01841262275255,80.00444082677184,140.74599140738928
21,6,4,2,0.2857142857142857,0.19047619047619047,0.09523809523809523,87.44435367664505,91.43364665916782,80.42628080422244
16,2,0,2,0.125,0.0,0.125,38.25690473353221,0.0,105.55949355554195
18,3,2,1,0.16666666666666666,0.1111111111111111,0.05555555555555555,51.009206311376275,53.33629388451456,46.915330469129756
17,5,2,3,0.29411764705882354,0.11764705882352941,0.17647058823529413,90.0162464318405,56.47372293654483,149.02516737252984
17,2,0,2,0.11764705882352941,0.0,0.11764705882352941,36.0064985727362,0.0,99.35011158168655
16,4,0,4,0.25,0.0,0.25,76.51380946706442,0.0,211.1189871110839
20,5,4,1,0.25,0.2,0.05,76.51380946706442,96.00532899212621,42.223797422216784
18,4,3,1,0.2222222222222222,0.16666666666666666,0.05555555555555555,68.01227508183504,80.00444082677184,46.915330469129756
17,6,2,4,0.35294117647058826,0.11764705882352941,0.23529411764705882,108.01949571820859,56.47372293654483,198.7002231633731
17,6,4,2,0.35294117647058826,0.23529411764705882,0.11764705882352941,108.01949571820859,112.94744587308966,99.35011158168655
21,8,3,5,0.38095238095238093,0.14285714285714285,0.23809523809523808,116.59247156886006,68.57523499437586,201.0657020105561
13,1,0,1,0.07692307692307693,0.0,0.07692307692307693,23.54271060525059,0.0,64.95968834187198
14,1,0,1,0.07142857142857142,0.0,0.07142857142857142,21.861088419161263,0.0,60.31971060316683
17,3,2,1,0.17647058823529413,0.11764705882352941,0.058823529411764705,54.009747859104294,56.47372293654483,49.675055790843274
16,9,3,6,0.5625,0.1875,0.375,172.15607130089495,90.00499593011833,316.6784806666259
10,3,1,2,0.3,0.1,0.2,91.8165713604773,48.002664496063105,168.89518968886713
16,3,2,1,0.1875,0.125,0.0625,57.385357100298314,60.003330620078884,52.779746777770974
17,6,3,3,0.35294117647058826,0.17647058823529413,0.17647058823529413,108.01949571820859,84.71058440481725,149.02516737252984
13,4,2,2,0.3076923076923077,0.15384615384615385,0.15384615384615385,94.17084242100236,73.85025307086633,129.91937668374396
14,4,2,2,0.2857142857142857,0.14285714285714285,0.14285714285714285,87.44435367664505,68.57523499437586,120.63942120633367
17,3,1,2,0.17647058823529413,0.058823529411764705,0.11764705882352941,54.009747859104294,28.236861468272416,99.35011158168655
17,4,1,3,0.23529411764705882,0.058823529411764705,0.17647058823529413,72.0129971454724,28.236861468272416,149.02516737252984
17,5,3,2,0.29411764705882354,0.17647058823529413,0.11764705882352941,90.0162464318405,84.71058440481725,99.35011158168655
24,6,5,1,0.25,0.20833333333333334,0.041666666666666664,76.51380946706442,100.0055510334648,35.18649785184732
17,6,4,2,0.35294117647058826,0.23529411764705882,0.11764705882352941,108.01949571820859,112.94744587308966,99.35011158168655
14,3,2,1,0.21428571428571427,0.14285714285714285,0.07142857142857142,65.58326525748377,68.57523499437586,60.31971060316683
18,6,4,2,0.3333333333333333,0.2222222222222222,0.1111111111111111,102.01841262275255,106.67258776902912,93.83066093825951
18,1,1,0,0.05555555555555555,0.05555555555555555,0.0,17.00306877045876,26.66814694225728,0.0
17,5,2,3,0.29411764705882354,0.11764705882352941,0.17647058823529413,90.0162464318405,56.47372293654483,149.02516737252984
20,4,2,2,0.2,0.1,0.1,61.211047573651534,48.002664496063105,84.44759484443357
16,9,6,3,0.5625,0.375,0.1875,172.15607130089495,180.00999186023665,158.33924033331294
13,2,2,0,0.15384615384615385,0.15384615384615385,0.0,47.08542121050118,73.85025307086633,0.0
16,3,0,3,0.1875,0.0,0.1875,57.385357100298314,0.0,158.33924033331294
19,6,1,5,0.3157894736842105,0.05263157894736842,0.2631578947368421,96.64902248471294,25.264560261085844,222.23051274850937
15,5,1,4,0.3333333333333333,0.06666666666666667,0.26666666666666666,102.01841262275255,32.001776330708736,225.19358625182284
15,3,2,1,0.2,0.13333333333333333,0.06666666666666667,61.211047573651534,64.00355266141747,56.29839656295571
11,0,0,0,0.0,0.0,0.0,0.0,0.0,0.0
16,5,2,3,0.3125,0.125,0.1875,95.64226183383052,60.003330620078884,158.33924033331294
18,4,2,2,0.2222222222222222,0.1111111111111111,0.1111111111111111,68.01227508183504,53.33629388451456,93.83066093825951
16,3,3,0,0.1875,0.1875,0.0,57.385357100298314,90.00499593011833,0.0
15,4,3,1,0.26666666666666666,0.2,0.06666666666666667,81.61473009820205,96.00532899212621,56.29839656295571
11,3,1,2,0.2727272727272727,0.09090909090909091,0.18181818181818182,83.46961032770663,43.63878590551192,153.54108153533377
13,5,5,0,0.38461538461538464,0.38461538461538464,0.0,117.71355302625295,184.6256326771658,0.0
22,5,4,1,0.22727272727272727,0.18181818181818182,0.045454545454545456,69.55800860642219,87.27757181102383,38.38527038383344
19,3,4,-1,0.15789473684210525,0.21052631578947367,-0.05263157894736842,48.32451124235647,101.05824104434338,-44.44610254970188
14,3,1,2,0.21428571428571427,0.07142857142857142,0.14285714285714285,65.58326525748377,34.28761749718793,120.63942120633367
18,3,2,1,0.16666666666666666,0.1111111111111111,0.05555555555555555,51.009206311376275,53.33629388451456,46.915330469129756
16,5,3,2,0.3125,0.1875,0.125,95.64226183383052,90.00499593011833,105.55949355554195
16,8,4,4,0.5,0.25,0.25,153.02761893412884,120.00666124015777,211.1189871110839
16,2,1,1,0.125,0.0625,0.0625,38.25690473353221,30.001665310039442,52.779746777770974
13,4,1,3,0.3076923076923077,0.07692307692307693,0.23076923076923078,94.17084242100236,36.925126535433165,194.87906502561594
16,5,4,1,0.3125,0.25,0.0625,95.64226183383052,120.00666124015777,52.779746777770974
15,3,1,2,0.2,0.06666666666666667,0.13333333333333333,61.211047573651534,32.001776330708736,112.59679312591142
19,3,2,1,0.15789473684210525,0.10526315789473684,0.05263157894736842,48.32451124235647,50.52912052217169,44.44610254970188
12,2,0,2,0.16666666666666666,0.0,0.16666666666666666,51.009206311376275,0.0,140.74599140738928
21,6,2,4,0.2857142857142857,0.09523809523809523,0.19047619047619047,87.44435367664505,45.71682332958391,160.8525616084449
15,4,4,0,0.26666666666666666,0.26666666666666666,0.0,81.61473009820205,128.00710532283495,0.0
17,1,0,1,0.058823529411764705,0.0,0.058823529411764705,18.0032492863681,0.0,49.675055790843274
14,2,1,1,0.14285714285714285,0.07142857142857142,0.07142857142857142,43.722176838322525,34.28761749718793,60.31971060316683
22,1,1,0,0.045454545454545456,0.045454545454545456,0.0,13.91160172128444,21.81939295275596,0.0
9,2,0,2,0.2222222222222222,0.0,0.2222222222222222,68.01227508183504,0.0,187.66132187651903
19,3,2,1,0.15789473684210525,0.10526315789473684,0.05263157894736842,48.32451124235647,50.52912052217169,44.44610254970188
15,7,5,2,0.4666666666666667,0.3333333333333333,0.13333333333333333,142.8257776718536,160.00888165354368,112.59679312591142
19,8,1,7,0.42105263157894735,0.05263157894736842,0.3684210526315789,128.8653633129506,25.264560261085844,311.1227178479131
14,5,1,4,0.35714285714285715,0.07142857142857142,0.2857142857142857,109.3054420958063,34.28761749718793,241.27884241266733
16,6,3,3,0.375,0.1875,0.1875,114.77071420059663,90.00499593011833,158.33924033331294
17,6,5,1,0.35294117647058826,0.29411764705882354,0.058823529411764705,108.01949571820859,141.18430734136209,49.675055790843274
14,1,1,0,0.07142857142857142,0.07142857142857142,0.0,21.861088419161263,34.28761749718793,0.0
14,5,1,4,0.35714285714285715,0.07142857142857142,0.2857142857142857,109.3054420958063,34.28761749718793,241.27884241266733
20,2,2,0,0.1,0.1,0.0,30.605523786825767,48.002664496063105,0.0
15,3,2,1,0.2,0.13333333333333333,0.06666666666666667,61.211047573651534,64.00355266141747,56.29839656295571
14,3,1,2,0.21428571428571427,0.07142857142857142,0.14285714285714285,65.58326525748377,34.28761749718793,120.63942120633367
15,4,1,3,0.26666666666666666,0.06666666666666667,0.2,81.61473009820205,32.001776330708736,168.89518968886713
36,6,4,2,0.16666666666666666,0.1111111111111111,0.05555555555555555,51.009206311376275,53.33629388451456,46.915330469129756
33,8,4,4,0.24242424242424243,0.12121212121212122,0.12121212121212122,74.19520918018368,58.18504787401589,102.36072102355584
38,12,6,6,0.3157894736842105,0.15789473684210525,0.15789473684210525,96.64902248471294,75.79368078325753,133.33830764910564
15,3,2,1,0.2,0.13333333333333333,0.06666666666666667,61.211047573651534,64.00355266141747,56.29839656295571
12,7,4,3,0.5833333333333334,0.3333333333333333,0.25,178.53222208981697,160.00888165354368,211.1189871110839
15,3,3,0,0.2,0.2,0.0,61.211047573651534,96.00532899212621,0.0
16,4,4,0,0.25,0.25,0.0,76.51380946706442,120.00666124015777,0.0
13,3,1,2,0.23076923076923078,0.07692307692307693,0.15384615384615385,70.62813181575177,36.925126535433165,129.91937668374396
16,7,4,3,0.4375,0.25,0.1875,133.89916656736273,120.00666124015777,158.33924033331294
11,3,1,2,0.2727272727272727,0.09090909090909091,0.18181818181818182,83.46961032770663,43.63878590551192,153.54108153533377
13,5,2,3,0.38461538461538464,0.15384615384615385,0.23076923076923078,117.71355302625295,73.85025307086633,194.87906502561594
11,4,2,2,0.36363636363636365,0.18181818181818182,0.18181818181818182,111.29281377027552,87.27757181102383,153.54108153533377
13,6,2,4,0.46153846153846156,0.15384615384615385,0.3076923076923077,141.25626363150354,73.85025307086633,259.8387533674879
16,4,1,3,0.25,0.0625,0.1875,76.51380946706442,30.001665310039442,158.33924033331294
13,5,4,1,0.38461538461538464,0.3076923076923077,0.07692307692307693,117.71355302625295,147.70050614173266,64.95968834187198
21,1,1,0,0.047619047619047616,0.047619047619047616,0.0,14.574058946107508,22.858411664791955,0.0
17,6,2,4,0.35294117647058826,0.11764705882352941,0.23529411764705882,108.01949571820859,56.47372293654483,198.7002231633731
25,6,4,2,0.24,0.16,0.08,73.45325708838185,76.80426319370098,67.55807587554685
22,4,0,4,0.18181818181818182,0.0,0.18181818181818182,55.64640688513776,0.0,153.54108153533377
21,8,4,4,0.38095238095238093,0.19047619047619047,0.19047619047619047,116.59247156886006,91.43364665916782,160.8525616084449
20,4,4,0,0.2,0.2,0.0,61.211047573651534,96.00532899212621,0.0
16,5,2,3,0.3125,0.125,0.1875,95.64226183383052,60.003330620078884,158.33924033331294
16,3,1,2,0.1875,0.0625,0.125,57.385357100298314,30.001665310039442,105.55949355554195
18,4,3,1,0.2222222222222222,0.16666666666666666,0.05555555555555555,68.01227508183504,80.00444082677184,46.915330469129756
16,3,1,2,0.1875,0.0625,0.125,57.385357100298314,30.001665310039442,105.55949355554195
17,4,1,3,0.23529411764705882,0.058823529411764705,0.17647058823529413,72.0129971454724,28.236861468272416,149.02516737252984
19,10,4,6,0.5263157894736842,0.21052631578947367,0.3157894736842105,161.08170414118823,101.05824104434338,266.6766152982113
16,4,2,2,0.25,0.125,0.125,76.51380946706442,60.003330620078884,105.55949355554195
18,7,5,2,0.3888888888888889,0.2777777777777778,0.1111111111111111,119.02148139321132,133.34073471128642,93.83066093825951
18,8,3,5,0.4444444444444444,0.16666666666666666,0.2777777777777778,136.02455016367009,80.00444082677184,234.57665234564882
22,4,3,1,0.18181818181818182,0.13636363636363635,0.045454545454545456,55.64640688513776,65.45817885826787,38.38527038383344
14,6,3,3,0.42857142857142855,0.21428571428571427,0.21428571428571427,131.16653051496755,102.8628524915638,180.9591318095005
14,3,2,1,0.21428571428571427,0.14285714285714285,0.07142857142857142,65.58326525748377,68.57523499437586,60.31971060316683
16,6,2,4,0.375,0.125,0.25,114.77071420059663,60.003330620078884,211.1189871110839
16,5,2,3,0.3125,0.125,0.1875,95.64226183383052,60.003330620078884,158.33924033331294
14,4,4,0,0.2857142857142857,0.2857142857142857,0.0,87.44435367664505,137.15046998875172,0.0
18,3,3,0,0.16666666666666666,0.16666666666666666,0.0,51.009206311376275,80.00444082677184,0.0
16,3,1,2,0.1875,0.0625,0.125,57.385357100298314,30.001665310039442,105.55949355554195
17,6,2,4,0.35294117647058826,0.11764705882352941,0.23529411764705882,108.01949571820859,56.47372293654483,198.7002231633731
13,3,3,0,0.23076923076923078,0.23076923076923078,0.0,70.62813181575177,110.77537960629948,0.0
14,3,1,2,0.21428571428571427,0.07142857142857142,0.14285714285714285,65.58326525748377,34.28761749718793,120.63942120633367
17,7,5,2,0.4117647058823529,0.29411764705882354,0.11764705882352941,126.02274500457669,141.18430734136209,99.35011158168655
19,4,1,3,0.21052631578947367,0.05263157894736842,0.15789473684210525,64.4326816564753,25.264560261085844,133.33830764910564
12,3,3,0,0.25,0.25,0.0,76.51380946706442,120.00666124015777,0.0
19,4,2,2,0.21052631578947367,0.10526315789473684,0.10526315789473684,64.4326816564753,50.52912052217169,88.89220509940375
10,4,2,2,0.4,0.2,0.2,122.42209514730307,96.00532899212621,168.89518968886713
15,4,1,3,0.26666666666666666,0.06666666666666667,0.2,81.61473009820205,32.001776330708736,168.89518968886713
18,6,4,2,0.3333333333333333,0.2222222222222222,0.1111111111111111,102.01841262275255,106.67258776902912,93.83066093825951
16,5,2,3,0.3125,0.125,0.1875,95.64226183383052,60.003330620078884,158.33924033331294
15,6,2,4,0.4,0.13333333333333333,0.26666666666666666,122.42209514730307,64.00355266141747,225.19358625182284
15,5,4,1,0.3333333333333333,0.26666666666666666,0.06666666666666667,102.01841262275255,128.00710532283495,56.29839656295571
15,5,3,2,0.3333333333333333,0.2,0.13333333333333333,102.01841262275255,96.00532899212621,112.59679312591142
16,6,4,2,0.375,0.25,0.125,114.77071420059663,120.00666124015777,105.55949355554195
18,5,1,4,0.2777777777777778,0.05555555555555555,0.2222222222222222,85.0153438522938,26.66814694225728,187.66132187651903
21,4,4,0,0.19047619047619047,0.19047619047619047,0.0,58.29623578443003,91.43364665916782,0.0
15,4,3,1,0.26666666666666666,0.2,0.06666666666666667,81.61473009820205,96.00532899212621,56.29839656295571
14,5,3,2,0.35714285714285715,0.21428571428571427,0.14285714285714285,109.3054420958063,102.8628524915638,120.63942120633367
20,9,6,3,0.45,0.3,0.15,137.72485704071596,144.0079934881893,126.67139226665034
14,5,3,2,0.35714285714285715,0.21428571428571427,0.14285714285714285,109.3054420958063,102.8628524915638,120.63942120633367
25,9,7,2,0.36,0.28,0.08,110.17988563257275,134.4074605889767,67.55807587554685
14,4,1,3,0.2857142857142857,0.07142857142857142,0.21428571428571427,87.44435367664505,34.28761749718793,180.9591318095005
16,5,2,3,0.3125,0.125,0.1875,95.64226183383052,60.003330620078884,158.33924033331294
18,4,4,0,0.2222222222222222,0.2222222222222222,0.0,68.01227508183504,106.67258776902912,0.0
22,7,3,4,0.3181818181818182,0.13636363636363635,0.18181818181818182,97.38121204899107,65.45817885826787,153.54108153533377
16,6,3,3,0.375,0.1875,0.1875,114.77071420059663,90.00499593011833,158.33924033331294
15,8,4,4,0.5333333333333333,0.26666666666666666,0.26666666666666666,163.2294601964041,128.00710532283495,225.19358625182284
13,6,2,4,0.46153846153846156,0.15384615384615385,0.3076923076923077,141.25626363150354,73.85025307086633,259.8387533674879
18,4,3,1,0.2222222222222222,0.16666666666666666,0.05555555555555555,68.01227508183504,80.00444082677184,46.915330469129756
19,7,6,1,0.3684210526315789,0.3157894736842105,0.05263157894736842,112.75719289883178,151.58736156651506,44.44610254970188
20,7,4,3,0.35,0.2,0.15,107.11933325389018,96.00532899212621,126.67139226665034
15,9,7,2,0.6,0.4666666666666667,0.13333333333333333,183.6331427209546,224.01243431496115,112.59679312591142
18,5,5,0,0.2777777777777778,0.2777777777777778,0.0,85.0153438522938,133.34073471128642,0.0
5,2,1,1,0.4,0.2,0.2,122.42209514730307,96.00532899212621,168.89518968886713
10,5,3,2,0.5,0.3,0.2,153.02761893412884,144.0079934881893,168.89518968886713
19,6,6,0,0.3157894736842105,0.3157894736842105,0.0,96.64902248471294,151.58736156651506,0.0
15,5,4,1,0.3333333333333333,0.26666666666666666,0.06666666666666667,102.01841262275255,128.00710532283495,56.29839656295571
15,4,3,1,0.26666666666666666,0.2,0.06666666666666667,81.61473009820205,96.00532899212621,56.29839656295571
21,10,6,4,0.47619047619047616,0.2857142857142857,0.19047619047619047,145.74058946107507,137.15046998875172,160.8525616084449
17,5,2,3,0.29411764705882354,0.11764705882352941,0.17647058823529413,90.0162464318405,56.47372293654483,149.02516737252984
17,2,1,1,0.11764705882352941,0.058823529411764705,0.058823529411764705,36.0064985727362,28.236861468272416,49.675055790843274
16,6,4,2,0.375,0.25,0.125,114.77071420059663,120.00666124015777,105.55949355554195
17,9,6,3,0.5294117647058824,0.35294117647058826,0.17647058823529413,162.0292435773129,169.4211688096345,149.02516737252984
13,6,5,1,0.46153846153846156,0.38461538461538464,0.07692307692307693,141.25626363150354,184.6256326771658,64.95968834187198
19,7,4,3,0.3684210526315789,0.21052631578947367,0.15789473684210525,112.75719289883178,101.05824104434338,133.33830764910564
13,6,4,2,0.46153846153846156,0.3076923076923077,0.15384615384615385,141.25626363150354,147.70050614173266,129.91937668374396
14,3,3,0,0.21428571428571427,0.21428571428571427,0.0,65.58326525748377,102.8628524915638,0.0
17,6,3,3,0.35294117647058826,0.17647058823529413,0.17647058823529413,108.01949571820859,84.71058440481725,149.02516737252984
16,7,6,1,0.4375,0.375,0.0625,133.89916656736273,180.00999186023665,52.779746777770974
13,9,4,5,0.6923076923076923,0.3076923076923077,0.38461538461538464,211.88439544725532,147.70050614173266,324.7984417093599
22,12,9,3,0.5454545454545454,0.4090909090909091,0.13636363636363635,166.93922065541327,196.37453657480364,115.1558111515003
16,5,4,1,0.3125,0.25,0.0625,95.64226183383052,120.00666124015777,52.779746777770974
16,9,6,3,0.5625,0.375,0.1875,172.15607130089495,180.00999186023665,158.33924033331294
20,6,5,1,0.3,0.25,0.05,91.8165713604773,120.00666124015777,42.223797422216784
16,5,4,1,0.3125,0.25,0.0625,95.64226183383052,120.00666124015777,52.779746777770974
15,9,6,3,0.6,0.4,0.2,183.6331427209546,192.01065798425242,168.89518968886713
18,8,5,3,0.4444444444444444,0.2777777777777778,0.16666666666666666,136.02455016367009,133.34073471128642,140.74599140738928
19,6,3,3,0.3157894736842105,0.15789473684210525,0.15789473684210525,96.64902248471294,75.79368078325753,133.33830764910564
13,1,1,0,0.07692307692307693,0.07692307692307693,0.0,23.54271060525059,36.925126535433165,0.0
16,6,6,0,0.375,0.375,0.0,114.77071420059663,180.00999186023665,0.0
15,4,3,1,0.26666666666666666,0.2,0.06666666666666667,81.61473009820205,96.00532899212621,56.29839656295571
16,6,3,3,0.375,0.1875,0.1875,114.77071420059663,90.00499593011833,158.33924033331294
14,4,2,2,0.2857142857142857,0.14285714285714285,0.14285714285714285,87.44435367664505,68.57523499437586,120.63942120633367
19,7,4,3,0.3684210526315789,0.21052631578947367,0.15789473684210525,112.75719289883178,101.05824104434338,133.33830764910564
13,3,2,1,0.23076923076923078,0.15384615384615385,0.07692307692307693,70.62813181575177,73.85025307086633,64.95968834187198
15,3,2,1,0.2,0.13333333333333333,0.06666666666666667,61.211047573651534,64.00355266141747,56.29839656295571
16,4,3,1,0.25,0.1875,0.0625,76.51380946706442,90.00499593011833,52.779746777770974
23,7,5,2,0.30434782608695654,0.21739130434782608,0.08695652173913043,93.1472463077306,104.35361846970241,73.43269116907265
15,6,1,5,0.4,0.06666666666666667,0.3333333333333333,122.42209514730307,32.001776330708736,281.49198281477857
14,5,1,4,0.35714285714285715,0.07142857142857142,0.2857142857142857,109.3054420958063,34.28761749718793,241.27884241266733
12,5,5,0,0.4166666666666667,0.4166666666666667,0.0,127.5230157784407,200.0111020669296,0.0
19,7,5,2,0.3684210526315789,0.2631578947368421,0.10526315789473684,112.75719289883178,126.32280130542921,88.89220509940375
18,8,3,5,0.4444444444444444,0.16666666666666666,0.2777777777777778,136.02455016367009,80.00444082677184,234.57665234564882
9,6,5,1,0.6666666666666666,0.5555555555555556,0.1111111111111111,204.0368252455051,266.68146942257283,93.83066093825951
10,2,2,0,0.2,0.2,0.0,61.211047573651534,96.00532899212621,0.0
16,8,6,2,0.5,0.375,0.125,153.02761893412884,180.00999186023665,105.55949355554195
13,6,5,1,0.46153846153846156,0.38461538461538464,0.07692307692307693,141.25626363150354,184.6256326771658,64.95968834187198
14,5,2,3,0.35714285714285715,0.14285714285714285,0.21428571428571427,109.3054420958063,68.57523499437586,180.9591318095005
11,3,3,0,0.2727272727272727,0.2727272727272727,0.0,83.46961032770663,130.91635771653574,0.0
18,3,2,1,0.16666666666666666,0.1111111111111111,0.05555555555555555,51.009206311376275,53.33629388451456,46.915330469129756
11,1,1,0,0.09090909090909091,0.09090909090909091,0.0,27.82320344256888,43.63878590551192,0.0
13,3,2,1,0.23076923076923078,0.15384615384615385,0.07692307692307693,70.62813181575177,73.85025307086633,64.95968834187198
18,7,5,2,0.3888888888888889,0.2777777777777778,0.1111111111111111,119.02148139321132,133.34073471128642,93.83066093825951
17,7,7,0,0.4117647058823529,0.4117647058823529,0.0,126.02274500457669,197.6580302779069,0.0
16,2,3,-1,0.125,0.1875,-0.0625,38.25690473353221,90.00499593011833,-52.779746777770974
20,5,2,3,0.25,0.1,0.15,76.51380946706442,48.002664496063105,126.67139226665034
21,9,6,3,0.42857142857142855,0.2857142857142857,0.14285714285714285,131.16653051496755,137.15046998875172,120.63942120633367
15,4,4,0,0.26666666666666666,0.26666666666666666,0.0,81.61473009820205,128.00710532283495,0.0
22,8,6,2,0.36363636363636365,0.2727272727272727,0.09090909090909091,111.29281377027552,130.91635771653574,76.77054076766689
24,9,9,0,0.375,0.375,0.0,114.77071420059663,180.00999186023665,0.0
17,3,2,1,0.17647058823529413,0.11764705882352941,0.058823529411764705,54.009747859104294,56.47372293654483,49.675055790843274
21,8,6,2,0.38095238095238093,0.2857142857142857,0.09523809523809523,116.59247156886006,137.15046998875172,80.42628080422244
25,12,6,6,0.48,0.24,0.24,146.9065141767637,115.20639479055146,202.67422762664054
13,4,4,0,0.3076923076923077,0.3076923076923077,0.0,94.17084242100236,147.70050614173266,0.0
18,7,6,1,0.3888888888888889,0.3333333333333333,0.05555555555555555,119.02148139321132,160.00888165354368,46.915330469129756
16,7,5,2,0.4375,0.3125,0.125,133.89916656736273,150.0083265501972,105.55949355554195
22,5,3,2,0.22727272727272727,0.13636363636363635,0.09090909090909091,69.55800860642219,65.45817885826787,76.77054076766689
14,7,6,1,0.5,0.42857142857142855,0.07142857142857142,153.02761893412884,205.7257049831276,60.31971060316683
16,4,2,2,0.25,0.125,0.125,76.51380946706442,60.003330620078884,105.55949355554195
12,4,4,0,0.3333333333333333,0.3333333333333333,0.0,102.01841262275255,160.00888165354368,0.0
24,11,7,4,0.4583333333333333,0.2916666666666667,0.16666666666666666,140.27531735628475,140.00777144685074,140.74599140738928
25,7,5,2,0.28,0.2,0.08,85.69546660311215,96.00532899212621,67.55807587554685
22,6,5,1,0.2727272727272727,0.22727272727272727,0.045454545454545456,83.46961032770663,109.0969647637798,38.38527038383344
16,7,3,4,0.4375,0.1875,0.25,133.89916656736273,90.00499593011833,211.1189871110839
22,8,6,2,0.36363636363636365,0.2727272727272727,0.09090909090909091,111.29281377027552,130.91635771653574,76.77054076766689
22,16,13,3,0.7272727272727273,0.5909090909090909,0.13636363636363635,222.58562754055103,283.6521083858275,115.1558111515003
21,11,7,4,0.5238095238095238,0.3333333333333333,0.19047619047619047,160.3146484071826,160.00888165354368,160.8525616084449
26,18,11,7,0.6923076923076923,0.4230769230769231,0.2692307692307692,211.88439544725532,203.0881959448824,227.3589091965519
20,11,7,4,0.55,0.35,0.2,168.33038082754172,168.00932573622086,168.89518968886713
21,9,6,3,0.42857142857142855,0.2857142857142857,0.14285714285714285,131.16653051496755,137.15046998875172,120.63942120633367
13,7,5,2,0.5384615384615384,0.38461538461538464,0.15384615384615385,164.7989742367541,184.6256326771658,129.91937668374396
22,12,8,4,0.5454545454545454,0.36363636363636365,0.18181818181818182,166.93922065541327,174.55514362204767,153.54108153533377
15,8,3,5,0.5333333333333333,0.2,0.3333333333333333,163.2294601964041,96.00532899212621,281.49198281477857
21,10,10,0,0.47619047619047616,0.47619047619047616,0.0,145.74058946107507,228.58411664791953,0.0
21,12,8,4,0.5714285714285714,0.38095238095238093,0.19047619047619047,174.8887073532901,182.86729331833564,160.8525616084449
15,8,4,4,0.5333333333333333,0.26666666666666666,0.26666666666666666,163.2294601964041,128.00710532283495,225.19358625182284
20,9,8,1,0.45,0.4,0.05,137.72485704071596,192.01065798425242,42.223797422216784
14,6,5,1,0.42857142857142855,0.35714285714285715,0.07142857142857142,131.16653051496755,171.43808748593966,60.31971060316683
18,10,8,2,0.5555555555555556,0.4444444444444444,0.1111111111111111,170.0306877045876,213.34517553805824,93.83066093825951
25,12,8,4,0.48,0.32,0.16,146.9065141767637,153.60852638740195,135.1161517510937
17,8,5,3,0.47058823529411764,0.29411764705882354,0.17647058823529413,144.0259942909448,141.18430734136209,149.02516737252984
15,9,7,2,0.6,0.4666666666666667,0.13333333333333333,183.6331427209546,224.01243431496115,112.59679312591142
21,9,7,2,0.42857142857142855,0.3333333333333333,0.09523809523809523,131.16653051496755,160.00888165354368,80.42628080422244
20,8,5,3,0.4,0.25,0.15,122.42209514730307,120.00666124015777,126.67139226665034
19,8,7,1,0.42105263157894735,0.3684210526315789,0.05263157894736842,128.8653633129506,176.8519218276009,44.44610254970188
20,7,7,0,0.35,0.35,0.0,107.11933325389018,168.00932573622086,0.0
16,9,9,0,0.5625,0.5625,0.0,172.15607130089495,270.014987790355,0.0
18,8,6,2,0.4444444444444444,0.3333333333333333,0.1111111111111111,136.02455016367009,160.00888165354368,93.83066093825951
19,10,9,1,0.5263157894736842,0.47368421052631576,0.05263157894736842,161.08170414118823,227.3810423497726,44.44610254970188
16,7,5,2,0.4375,0.3125,0.125,133.89916656736273,150.0083265501972,105.55949355554195
22,12,8,4,0.5454545454545454,0.36363636363636365,0.18181818181818182,166.93922065541327,174.55514362204767,153.54108153533377
26,9,8,1,0.34615384615384615,0.3076923076923077,0.038461538461538464,105.94219772362766,147.70050614173266,32.47984417093599
17,8,6,2,0.47058823529411764,0.35294117647058826,0.11764705882352941,144.0259942909448,169.4211688096345,99.35011158168655
18,12,12,0,0.6666666666666666,0.6666666666666666,0.0,204.0368252455051,320.01776330708736,0.0
14,5,3,2,0.35714285714285715,0.21428571428571427,0.14285714285714285,109.3054420958063,102.8628524915638,120.63942120633367
20,9,8,1,0.45,0.4,0.05,137.72485704071596,192.01065798425242,42.223797422216784
22,12,10,2,0.5454545454545454,0.45454545454545453,0.09090909090909091,166.93922065541327,218.1939295275596,76.77054076766689
21,10,8,2,0.47619047619047616,0.38095238095238093,0.09523809523809523,145.74058946107507,182.86729331833564,80.42628080422244
25,12,7,5,0.48,0.28,0.2,146.9065141767637,134.4074605889767,168.89518968886713
19,7,3,4,0.3684210526315789,0.15789473684210525,0.21052631578947367,112.75719289883178,75.79368078325753,177.7844101988075
26,8,7,1,0.3076923076923077,0.2692307692307692,0.038461538461538464,94.17084242100236,129.23794287401606,32.47984417093599
22,9,9,0,0.4090909090909091,0.4090909090909091,0.0,125.20441549155996,196.37453657480364,0.0
18,8,4,4,0.4444444444444444,0.2222222222222222,0.2222222222222222,136.02455016367009,106.67258776902912,187.66132187651903
22,12,7,5,0.5454545454545454,0.3181818181818182,0.22727272727272727,166.93922065541327,152.7357506692917,191.92635191916722
17,8,4,4,0.47058823529411764,0.23529411764705882,0.23529411764705882,144.0259942909448,112.94744587308966,198.7002231633731
20,13,12,1,0.65,0.6,0.05,198.9359046143675,288.0159869763786,42.223797422216784
18,8,6,2,0.4444444444444444,0.3333333333333333,0.1111111111111111,136.02455016367009,160.00888165354368,93.83066093825951
19,7,5,2,0.3684210526315789,0.2631578947368421,0.10526315789473684,112.75719289883178,126.32280130542921,88.89220509940375
20,8,7,1,0.4,0.35,0.05,122.42209514730307,168.00932573622086,42.223797422216784
18,9,6,3,0.5,0.3333333333333333,0.16666666666666666,153.02761893412884,160.00888165354368,140.74599140738928
22,9,8,1,0.4090909090909091,0.36363636363636365,0.045454545454545456,125.20441549155996,174.55514362204767,38.38527038383344
19,14,10,4,0.7368421052631579,0.5263157894736842,0.21052631578947367,225.51438579766355,252.64560261085842,177.7844101988075
17,13,12,1,0.7647058823529411,0.7058823529411765,0.058823529411764705,234.04224072278527,338.842337619269,49.675055790843274
22,14,11,3,0.6363636363636364,0.5,0.13636363636363635,194.76242409798215,240.01332248031554,115.1558111515003
13,8,5,3,0.6153846153846154,0.38461538461538464,0.23076923076923078,188.34168484200472,184.6256326771658,194.87906502561594
18,5,4,1,0.2777777777777778,0.2222222222222222,0.05555555555555555,85.0153438522938,106.67258776902912,46.915330469129756
22,14,12,2,0.6363636363636364,0.5454545454545454,0.09090909090909091,194.76242409798215,261.8327154330715,76.77054076766689
1,1,1,0,1.0,1.0,0.0,306.0552378682577,480.0266449606311,0.0
18,15,13,2,0.8333333333333334,0.7222222222222222,0.1111111111111111,255.0460315568814,346.68591024934466,93.83066093825951
17,11,9,2,0.6470588235294118,0.5294117647058824,0.11764705882352941,198.0357421500491,254.13175321445175,99.35011158168655
24,16,14,2,0.6666666666666666,0.5833333333333334,0.08333333333333333,204.0368252455051,280.0155428937015,70.37299570369464
23,11,14,-3,0.4782608695652174,0.6086956521739131,-0.13043478260869565,146.37424419786237,292.1901317151668,-110.14903675360901
29,20,20,0,0.6896551724137931,0.6896551724137931,0.0,211.07257784017773,331.0528585935387,0.0
22,13,14,-1,0.5909090909090909,0.6363636363636364,-0.045454545454545456,180.85082237669772,305.4715013385834,-38.38527038383344
19,9,9,0,0.47368421052631576,0.47368421052631576,0.0,144.97353372706942,227.3810423497726,0.0
22,12,10,2,0.5454545454545454,0.45454545454545453,0.09090909090909091,166.93922065541327,218.1939295275596,76.77054076766689
23,17,12,5,0.7391304347826086,0.5217391304347826,0.21739130434782608,226.21474103306,250.44868432728578,183.58172792268167
18,8,8,0,0.4444444444444444,0.4444444444444444,0.0,136.02455016367009,213.34517553805824,0.0
26,14,12,2,0.5384615384615384,0.46153846153846156,0.07692307692307693,164.7989742367541,221.55075921259896,64.95968834187198
17,12,11,1,0.7058823529411765,0.6470588235294118,0.058823529411764705,216.03899143641718,310.6054761509966,49.675055790843274
17,9,8,1,0.5294117647058824,0.47058823529411764,0.058823529411764705,162.0292435773129,225.89489174617933,49.675055790843274
12,5,4,1,0.4166666666666667,0.3333333333333333,0.08333333333333333,127.5230157784407,160.00888165354368,70.37299570369464
18,7,7,0,0.3888888888888889,0.3888888888888889,0.0,119.02148139321132,186.67702859580098,0.0
22,12,10,2,0.5454545454545454,0.45454545454545453,0.09090909090909091,166.93922065541327,218.1939295275596,76.77054076766689
21,13,11,2,0.6190476190476191,0.5238095238095238,0.09523809523809523,189.46276629939763,251.44252831271152,80.42628080422244
19,7,8,-1,0.3684210526315789,0.42105263157894735,-0.05263157894736842,112.75719289883178,202.11648208868675,-44.44610254970188
19,11,8,3,0.5789473684210527,0.42105263157894735,0.15789473684210525,177.18987455530709,202.11648208868675,133.33830764910564
21,14,14,0,0.6666666666666666,0.6666666666666666,0.0,204.0368252455051,320.01776330708736,0.0
15,11,10,1,0.7333333333333333,0.6666666666666666,0.06666666666666667,224.44050777005563,320.01776330708736,56.29839656295571
17,13,10,3,0.7647058823529411,0.5882352941176471,0.17647058823529413,234.04224072278527,282.36861468272417,149.02516737252984
21,12,11,1,0.5714285714285714,0.5238095238095238,0.047619047619047616,174.8887073532901,251.44252831271152,40.21314040211122
19,10,8,2,0.5263157894736842,0.42105263157894735,0.10526315789473684,161.08170414118823,202.11648208868675,88.89220509940375
17,9,7,2,0.5294117647058824,0.4117647058823529,0.11764705882352941,162.0292435773129,197.6580302779069,99.35011158168655
20,12,11,1,0.6,0.55,0.05,183.6331427209546,264.0146547283471,42.223797422216784
18,8,7,1,0.4444444444444444,0.3888888888888889,0.05555555555555555,136.02455016367009,186.67702859580098,46.915330469129756
23,16,11,5,0.6956521739130435,0.4782608695652174,0.21739130434782608,212.90799156052708,229.57796063334527,183.58172792268167
23,16,12,4,0.6956521739130435,0.5217391304347826,0.17391304347826086,212.90799156052708,250.44868432728578,146.8653823381453
19,14,13,1,0.7368421052631579,0.6842105263157895,0.05263157894736842,225.51438579766355,328.439283394116,44.44610254970188
17,6,3,3,0.35294117647058826,0.17647058823529413,0.17647058823529413,108.01949571820859,84.71058440481725,149.02516737252984
24,11,9,2,0.4583333333333333,0.375,0.08333333333333333,140.27531735628475,180.00999186023665,70.37299570369464
21,11,11,0,0.5238095238095238,0.5238095238095238,0.0,160.3146484071826,251.44252831271152,0.0
15,7,5,2,0.4666666666666667,0.3333333333333333,0.13333333333333333,142.8257776718536,160.00888165354368,112.59679312591142
21,11,11,0,0.5238095238095238,0.5238095238095238,0.0,160.3146484071826,251.44252831271152,0.0
16,5,2,3,0.3125,0.125,0.1875,95.64226183383052,60.003330620078884,158.33924033331294
19,10,7,3,0.5263157894736842,0.3684210526315789,0.15789473684210525,161.08170414118823,176.8519218276009,133.33830764910564
23,14,12,2,0.6086956521739131,0.5217391304347826,0.08695652173913043,186.2944926154612,250.44868432728578,73.43269116907265
22,12,6,6,0.5454545454545454,0.2727272727272727,0.2727272727272727,166.93922065541327,130.91635771653574,230.3116223030006
19,10,10,0,0.5263157894736842,0.5263157894736842,0.0,161.08170414118823,252.64560261085842,0.0
20,9,7,2,0.45,0.35,0.1,137.72485704071596,168.00932573622086,84.44759484443357
16,6,6,0,0.375,0.375,0.0,114.77071420059663,180.00999186023665,0.0
17,9,7,2,0.5294117647058824,0.4117647058823529,0.11764705882352941,162.0292435773129,197.6580302779069,99.35011158168655
22,11,8,3,0.5,0.36363636363636365,0.13636363636363635,153.02761893412884,174.55514362204767,115.1558111515003
21,13,11,2,0.6190476190476191,0.5238095238095238,0.09523809523809523,189.46276629939763,251.44252831271152,80.42628080422244
21,13,10,3,0.6190476190476191,0.47619047619047616,0.14285714285714285,189.46276629939763,228.58411664791953,120.63942120633367
23,15,13,2,0.6521739130434783,0.5652173913043478,0.08695652173913043,199.60124208799414,271.31940802122625,73.43269116907265
15,5,4,1,0.3333333333333333,0.26666666666666666,0.06666666666666667,102.01841262275255,128.00710532283495,56.29839656295571
18,8,6,2,0.4444444444444444,0.3333333333333333,0.1111111111111111,136.02455016367009,160.00888165354368,93.83066093825951
16,13,11,2,0.8125,0.6875,0.125,248.66988076795934,330.01831841043384,105.55949355554195
24,14,11,3,0.5833333333333334,0.4583333333333333,0.125,178.53222208981697,220.01221227362257,105.55949355554195
19,9,7,2,0.47368421052631576,0.3684210526315789,0.10526315789473684,144.97353372706942,176.8519218276009,88.89220509940375
23,11,9,2,0.4782608695652174,0.391304347826087,0.08695652173913043,146.37424419786237,187.83651324546435,73.43269116907265
22,18,14,4,0.8181818181818182,0.6363636363636364,0.18181818181818182,250.4088309831199,305.4715013385834,153.54108153533377
17,11,10,1,0.6470588235294118,0.5882352941176471,0.058823529411764705,198.0357421500491,282.36861468272417,49.675055790843274
21,11,10,1,0.5238095238095238,0.47619047619047616,0.047619047619047616,160.3146484071826,228.58411664791953,40.21314040211122
15,9,8,1,0.6,0.5333333333333333,0.06666666666666667,183.6331427209546,256.0142106456699,56.29839656295571
18,10,7,3,0.5555555555555556,0.3888888888888889,0.16666666666666666,170.0306877045876,186.67702859580098,140.74599140738928
11,7,7,0,0.6363636363636364,0.6363636363636364,0.0,194.76242409798215,305.4715013385834,0.0
13,6,5,1,0.46153846153846156,0.38461538461538464,0.07692307692307693,141.25626363150354,184.6256326771658,64.95968834187198
15,4,3,1,0.26666666666666666,0.2,0.06666666666666667,81.61473009820205,96.00532899212621,56.29839656295571
22,12,11,1,0.5454545454545454,0.5,0.045454545454545456,166.93922065541327,240.01332248031554,38.38527038383344
17,8,6,2,0.47058823529411764,0.35294117647058826,0.11764705882352941,144.0259942909448,169.4211688096345,99.35011158168655
17,13,9,4,0.7647058823529411,0.5294117647058824,0.23529411764705882,234.04224072278527,254.13175321445175,198.7002231633731
14,5,3,2,0.35714285714285715,0.21428571428571427,0.14285714285714285,109.3054420958063,102.8628524915638,120.63942120633367
15,5,3,2,0.3333333333333333,0.2,0.13333333333333333,102.01841262275255,96.00532899212621,112.59679312591142
23,12,9,3,0.5217391304347826,0.391304347826087,0.13043478260869565,159.6809936703953,187.83651324546435,110.14903675360901
19,9,8,1,0.47368421052631576,0.42105263157894735,0.05263157894736842,144.97353372706942,202.11648208868675,44.44610254970188
16,6,4,2,0.375,0.25,0.125,114.77071420059663,120.00666124015777,105.55949355554195
23,10,7,3,0.43478260869565216,0.30434782608695654,0.13043478260869565,133.06749472532942,146.0950658575834,110.14903675360901
19,10,4,6,0.5263157894736842,0.21052631578947367,0.3157894736842105,161.08170414118823,101.05824104434338,266.6766152982113
13,6,4,2,0.46153846153846156,0.3076923076923077,0.15384615384615385,141.25626363150354,147.70050614173266,129.91937668374396
18,11,7,4,0.6111111111111112,0.3888888888888889,0.2222222222222222,187.03375647504637,186.67702859580098,187.66132187651903
19,10,5,5,0.5263157894736842,0.2631578947368421,0.2631578947368421,161.08170414118823,126.32280130542921,222.23051274850937
15,7,6,1,0.4666666666666667,0.4,0.06666666666666667,142.8257776718536,192.01065798425242,56.29839656295571
22,9,4,5,0.4090909090909091,0.18181818181818182,0.22727272727272727,125.20441549155996,87.27757181102383,191.92635191916722
13,4,4,0,0.3076923076923077,0.3076923076923077,0.0,94.17084242100236,147.70050614173266,0.0
17,10,9,1,0.5882352941176471,0.5294117647058824,0.058823529411764705,180.032492863681,254.13175321445175,49.675055790843274
22,9,10,-1,0.4090909090909091,0.45454545454545453,-0.045454545454545456,125.20441549155996,218.1939295275596,-38.38527038383344
22,8,8,0,0.36363636363636365,0.36363636363636365,0.0,111.29281377027552,174.55514362204767,0.0
15,7,5,2,0.4666666666666667,0.3333333333333333,0.13333333333333333,142.8257776718536,160.00888165354368,112.59679312591142
13,6,6,0,0.46153846153846156,0.46153846153846156,0.0,141.25626363150354,221.55075921259896,0.0
21,10,10,0,0.47619047619047616,0.47619047619047616,0.0,145.74058946107507,228.58411664791953,0.0
20,12,9,3,0.6,0.45,0.15,183.6331427209546,216.01199023228398,126.67139226665034
17,9,8,1,0.5294117647058824,0.47058823529411764,0.058823529411764705,162.0292435773129,225.89489174617933,49.675055790843274
22,9,9,0,0.4090909090909091,0.4090909090909091,0.0,125.20441549155996,196.37453657480364,0.0
14,9,7,2,0.6428571428571429,0.5,0.14285714285714285,196.74979577245136,240.01332248031554,120.63942120633367
12,8,6,2,0.6666666666666666,0.5,0.16666666666666666,204.0368252455051,240.01332248031554,140.74599140738928
16,5,4,1,0.3125,0.25,0.0625,95.64226183383052,120.00666124015777,52.779746777770974
15,9,6,3,0.6,0.4,0.2,183.6331427209546,192.01065798425242,168.89518968886713
21,5,3,2,0.23809523809523808,0.14285714285714285,0.09523809523809523,72.87029473053754,68.57523499437586,80.42628080422244
19,14,11,3,0.7368421052631579,0.5789473684210527,0.15789473684210525,225.51438579766355,277.9101628719443,133.33830764910564
10,4,3,1,0.4,0.3,0.1,122.42209514730307,144.0079934881893,84.44759484443357
15,7,6,1,0.4666666666666667,0.4,0.06666666666666667,142.8257776718536,192.01065798425242,56.29839656295571
23,19,18,1,0.8260869565217391,0.782608695652174,0.043478260869565216,252.8282399781259,375.6730264909287,36.71634558453633
19,8,7,1,0.42105263157894735,0.3684210526315789,0.05263157894736842,128.8653633129506,176.8519218276009,44.44610254970188
23,13,11,2,0.5652173913043478,0.4782608695652174,0.08695652173913043,172.98774314292825,229.57796063334527,73.43269116907265
13,4,3,1,0.3076923076923077,0.23076923076923078,0.07692307692307693,94.17084242100236,110.77537960629948,64.95968834187198
16,9,4,5,0.5625,0.25,0.3125,172.15607130089495,120.00666124015777,263.8987338888549
18,9,8,1,0.5,0.4444444444444444,0.05555555555555555,153.02761893412884,213.34517553805824,46.915330469129756
19,6,4,2,0.3157894736842105,0.21052631578947367,0.10526315789473684,96.64902248471294,101.05824104434338,88.89220509940375
19,9,8,1,0.47368421052631576,0.42105263157894735,0.05263157894736842,144.97353372706942,202.11648208868675,44.44610254970188
25,18,15,3,0.72,0.6,0.12,220.3597712651455,288.0159869763786,101.33711381332027
15,8,5,3,0.5333333333333333,0.3333333333333333,0.2,163.2294601964041,160.00888165354368,168.89518968886713
20,11,9,2,0.55,0.45,0.1,168.33038082754172,216.01199023228398,84.44759484443357
15,7,5,2,0.4666666666666667,0.3333333333333333,0.13333333333333333,142.8257776718536,160.00888165354368,112.59679312591142
13,5,5,0,0.38461538461538464,0.38461538461538464,0.0,117.71355302625295,184.6256326771658,0.0
14,6,6,0,0.42857142857142855,0.42857142857142855,0.0,131.16653051496755,205.7257049831276,0.0
19,10,8,2,0.5263157894736842,0.42105263157894735,0.10526315789473684,161.08170414118823,202.11648208868675,88.89220509940375
